locationId,location,city,country,utc,local,parameter,value,unit,latitude,longitude
8720,PT01046,Braga,PT,2017-12-29T11:00:00+00:00,2017-12-29T11:00:00+00:00,pm10,23.6,µg/m³,41.449722,-8.296389
8720,PT01046,Braga,PT,2017-12-29T11:00:00+00:00,2017-12-29T11:00:00+00:00,no2,31.2,µg/m³,41.449722,-8.296389
8720,PT01046,Braga,PT,2017-12-29T10:00:00+00:00,2017-12-29T10:00:00+00:00,pm10,23.6,µg/m³,41.449722,-8.296389
8720,PT01046,Braga,PT,2017-12-29T10:00:00+00:00,2017-12-29T10:00:00+00:00,no2,41,µg/m³,41.449722,-8.296389
8720,PT01046,Braga,PT,2017-12-29T09:00:00+00:00,2017-12-29T09:00:00+00:00,no2,33.7,µg/m³,41.449722,-8.296389
8720,PT01046,Braga,PT,2017-12-29T09:00:00+00:00,2017-12-29T09:00:00+00:00,pm10,23.6,µg/m³,41.449722,-8.296389
8720,PT01046,Braga,PT,2017-12-29T08:00:00+00:00,2017-12-29T08:00:00+00:00,pm10,25.9,µg/m³,41.449722,-8.296389
8720,PT01046,Braga,PT,2017-12-29T08:00:00+00:00,2017-12-29T08:00:00+00:00,no2,21.2,µg/m³,41.449722,-8.296389
8720,PT01046,Braga,PT,2017-12-29T07:00:00+00:00,2017-12-29T07:00:00+00:00,no2,15.2,µg/m³,41.449722,-8.296389
8720,PT01046,Braga,PT,2017-12-29T07:00:00+00:00,2017-12-29T07:00:00+00:00,pm10,26,µg/m³,41.449722,-8.296389
8720,PT01046,Braga,PT,2017-12-29T06:00:00+00:00,2017-12-29T06:00:00+00:00,pm10,30.5,µg/m³,41.449722,-8.296389
8720,PT01046,Braga,PT,2017-12-29T06:00:00+00:00,2017-12-29T06:00:00+00:00,no2,15,µg/m³,41.449722,-8.296389
8720,PT01046,Braga,PT,2017-12-29T05:00:00+00:00,2017-12-29T05:00:00+00:00,pm10,30.7,µg/m³,41.449722,-8.296389
8720,PT01046,Braga,PT,2017-12-29T04:00:00+00:00,2017-12-29T04:00:00+00:00,pm10,30.7,µg/m³,41.449722,-8.296389
8720,PT01046,Braga,PT,2017-12-29T04:00:00+00:00,2017-12-29T04:00:00+00:00,no2,19.2,µg/m³,41.449722,-8.296389
8720,PT01046,Braga,PT,2017-12-29T03:00:00+00:00,2017-12-29T03:00:00+00:00,no2,23,µg/m³,41.449722,-8.296389
8720,PT01046,Braga,PT,2017-12-29T03:00:00+00:00,2017-12-29T03:00:00+00:00,pm10,30.7,µg/m³,41.449722,-8.296389
8720,PT01046,Braga,PT,2017-12-29T02:00:00+00:00,2017-12-29T02:00:00+00:00,no2,27.3,µg/m³,41.449722,-8.296389
8720,PT01046,Braga,PT,2017-12-29T02:00:00+00:00,2017-12-29T02:00:00+00:00,pm10,30.7,µg/m³,41.449722,-8.296389
8720,PT01046,Braga,PT,2017-12-29T01:00:00+00:00,2017-12-29T01:00:00+00:00,pm10,30.7,µg/m³,41.449722,-8.296389
8720,PT01046,Braga,PT,2017-12-29T01:00:00+00:00,2017-12-29T01:00:00+00:00,no2,35.5,µg/m³,41.449722,-8.296389
8720,PT01046,Braga,PT,2017-12-29T00:00:00+00:00,2017-12-29T00:00:00+00:00,pm10,26.1,µg/m³,41.449722,-8.296389
8720,PT01046,Braga,PT,2017-12-29T00:00:00+00:00,2017-12-29T00:00:00+00:00,no2,32.1,µg/m³,41.449722,-8.296389
8720,PT01046,Braga,PT,2017-12-28T23:00:00+00:00,2017-12-28T23:00:00+00:00,pm10,26,µg/m³,41.449722,-8.296389
8720,PT01046,Braga,PT,2017-12-28T23:00:00+00:00,2017-12-28T23:00:00+00:00,no2,34,µg/m³,41.449722,-8.296389
8720,PT01046,Braga,PT,2017-12-28T11:00:00+00:00,2017-12-28T11:00:00+00:00,pm10,17.7,µg/m³,41.449722,-8.296389
8720,PT01046,Braga,PT,2017-12-28T11:00:00+00:00,2017-12-28T11:00:00+00:00,no2,40.8,µg/m³,41.449722,-8.296389
8720,PT01046,Braga,PT,2017-12-28T10:00:00+00:00,2017-12-28T10:00:00+00:00,no2,40.8,µg/m³,41.449722,-8.296389
8720,PT01046,Braga,PT,2017-12-28T10:00:00+00:00,2017-12-28T10:00:00+00:00,pm10,17.7,µg/m³,41.449722,-8.296389
8720,PT01046,Braga,PT,2017-12-28T09:00:00+00:00,2017-12-28T09:00:00+00:00,pm10,17.7,µg/m³,41.449722,-8.296389
8720,PT01046,Braga,PT,2017-12-28T09:00:00+00:00,2017-12-28T09:00:00+00:00,no2,37.8,µg/m³,41.449722,-8.296389
8720,PT01046,Braga,PT,2017-12-28T08:00:00+00:00,2017-12-28T08:00:00+00:00,pm10,18.8,µg/m³,41.449722,-8.296389
8720,PT01046,Braga,PT,2017-12-28T08:00:00+00:00,2017-12-28T08:00:00+00:00,no2,33.8,µg/m³,41.449722,-8.296389
8720,PT01046,Braga,PT,2017-12-28T07:00:00+00:00,2017-12-28T07:00:00+00:00,no2,24.6,µg/m³,41.449722,-8.296389
8720,PT01046,Braga,PT,2017-12-28T07:00:00+00:00,2017-12-28T07:00:00+00:00,pm10,18.9,µg/m³,41.449722,-8.296389
8720,PT01046,Braga,PT,2017-12-28T06:00:00+00:00,2017-12-28T06:00:00+00:00,no2,22.1,µg/m³,41.449722,-8.296389
8720,PT01046,Braga,PT,2017-12-28T06:00:00+00:00,2017-12-28T06:00:00+00:00,pm10,21.1,µg/m³,41.449722,-8.296389
8720,PT01046,Braga,PT,2017-12-28T05:00:00+00:00,2017-12-28T05:00:00+00:00,pm10,21.2,µg/m³,41.449722,-8.296389
8720,PT01046,Braga,PT,2017-12-28T05:00:00+00:00,2017-12-28T05:00:00+00:00,no2,22,µg/m³,41.449722,-8.296389
8720,PT01046,Braga,PT,2017-12-28T04:00:00+00:00,2017-12-28T04:00:00+00:00,pm10,21.2,µg/m³,41.449722,-8.296389
8720,PT01046,Braga,PT,2017-12-28T04:00:00+00:00,2017-12-28T04:00:00+00:00,no2,24,µg/m³,41.449722,-8.296389
8720,PT01046,Braga,PT,2017-12-28T03:00:00+00:00,2017-12-28T03:00:00+00:00,no2,27,µg/m³,41.449722,-8.296389
8720,PT01046,Braga,PT,2017-12-28T03:00:00+00:00,2017-12-28T03:00:00+00:00,pm10,21.2,µg/m³,41.449722,-8.296389
8720,PT01046,Braga,PT,2017-12-28T02:00:00+00:00,2017-12-28T02:00:00+00:00,pm10,17.8,µg/m³,41.449722,-8.296389
8720,PT01046,Braga,PT,2017-12-28T02:00:00+00:00,2017-12-28T02:00:00+00:00,no2,32.9,µg/m³,41.449722,-8.296389
8720,PT01046,Braga,PT,2017-12-28T01:00:00+00:00,2017-12-28T01:00:00+00:00,no2,32.8,µg/m³,41.449722,-8.296389
8720,PT01046,Braga,PT,2017-12-28T01:00:00+00:00,2017-12-28T01:00:00+00:00,pm10,17.7,µg/m³,41.449722,-8.296389
8720,PT01046,Braga,PT,2017-12-28T00:00:00+00:00,2017-12-28T00:00:00+00:00,no2,42.1,µg/m³,41.449722,-8.296389
8720,PT01046,Braga,PT,2017-12-28T00:00:00+00:00,2017-12-28T00:00:00+00:00,pm10,17.7,µg/m³,41.449722,-8.296389
8720,PT01046,Braga,PT,2017-12-27T23:00:00+00:00,2017-12-27T23:00:00+00:00,pm10,17.7,µg/m³,41.449722,-8.296389
8720,PT01046,Braga,PT,2017-12-27T23:00:00+00:00,2017-12-27T23:00:00+00:00,no2,42.4,µg/m³,41.449722,-8.296389
8720,PT01046,Braga,PT,2017-10-27T08:00:00+00:00,2017-10-27T09:00:00+01:00,no2,43.6,µg/m³,41.449722,-8.296389
8720,PT01046,Braga,PT,2017-10-27T08:00:00+00:00,2017-10-27T09:00:00+01:00,pm10,30.6,µg/m³,41.449722,-8.296389
8720,PT01046,Braga,PT,2017-10-27T07:00:00+00:00,2017-10-27T08:00:00+01:00,pm10,30.7,µg/m³,41.449722,-8.296389
8720,PT01046,Braga,PT,2017-10-27T07:00:00+00:00,2017-10-27T08:00:00+01:00,no2,34.9,µg/m³,41.449722,-8.296389
8720,PT01046,Braga,PT,2017-10-27T06:00:00+00:00,2017-10-27T07:00:00+01:00,pm10,30.7,µg/m³,41.449722,-8.296389
8720,PT01046,Braga,PT,2017-10-27T06:00:00+00:00,2017-10-27T07:00:00+01:00,no2,27.7,µg/m³,41.449722,-8.296389
8720,PT01046,Braga,PT,2017-10-27T05:00:00+00:00,2017-10-27T06:00:00+01:00,pm10,30.7,µg/m³,41.449722,-8.296389
8720,PT01046,Braga,PT,2017-10-27T05:00:00+00:00,2017-10-27T06:00:00+01:00,no2,24.1,µg/m³,41.449722,-8.296389
8720,PT01046,Braga,PT,2017-10-27T04:00:00+00:00,2017-10-27T05:00:00+01:00,no2,27.3,µg/m³,41.449722,-8.296389
8720,PT01046,Braga,PT,2017-10-27T04:00:00+00:00,2017-10-27T05:00:00+01:00,pm10,30.7,µg/m³,41.449722,-8.296389
8720,PT01046,Braga,PT,2017-10-27T03:00:00+00:00,2017-10-27T04:00:00+01:00,pm10,30.7,µg/m³,41.449722,-8.296389
8720,PT01046,Braga,PT,2017-10-27T03:00:00+00:00,2017-10-27T04:00:00+01:00,no2,28.6,µg/m³,41.449722,-8.296389
8720,PT01046,Braga,PT,2017-10-27T02:00:00+00:00,2017-10-27T03:00:00+01:00,no2,31,µg/m³,41.449722,-8.296389
8720,PT01046,Braga,PT,2017-10-27T01:00:00+00:00,2017-10-27T02:00:00+01:00,no2,32.6,µg/m³,41.449722,-8.296389
8720,PT01046,Braga,PT,2017-10-27T00:00:00+00:00,2017-10-27T01:00:00+01:00,no2,38,µg/m³,41.449722,-8.296389
8720,PT01046,Braga,PT,2017-10-27T00:00:00+00:00,2017-10-27T01:00:00+01:00,pm10,37.8,µg/m³,41.449722,-8.296389
8720,PT01046,Braga,PT,2017-10-26T23:00:00+00:00,2017-10-27T00:00:00+01:00,no2,40.9,µg/m³,41.449722,-8.296389
8720,PT01046,Braga,PT,2017-10-26T23:00:00+00:00,2017-10-27T00:00:00+01:00,pm10,37.8,µg/m³,41.449722,-8.296389
8720,PT01046,Braga,PT,2017-10-26T11:00:00+00:00,2017-10-26T12:00:00+01:00,no2,42.5,µg/m³,41.449722,-8.296389
8720,PT01046,Braga,PT,2017-10-26T10:00:00+00:00,2017-10-26T11:00:00+01:00,no2,54.2,µg/m³,41.449722,-8.296389
8720,PT01046,Braga,PT,2017-10-26T10:00:00+00:00,2017-10-26T11:00:00+01:00,pm10,22.4,µg/m³,41.449722,-8.296389
8720,PT01046,Braga,PT,2017-10-26T09:00:00+00:00,2017-10-26T10:00:00+01:00,no2,45.6,µg/m³,41.449722,-8.296389
8720,PT01046,Braga,PT,2017-10-26T09:00:00+00:00,2017-10-26T10:00:00+01:00,pm10,22.4,µg/m³,41.449722,-8.296389
8720,PT01046,Braga,PT,2017-10-26T08:00:00+00:00,2017-10-26T09:00:00+01:00,pm10,21.3,µg/m³,41.449722,-8.296389
8720,PT01046,Braga,PT,2017-10-26T08:00:00+00:00,2017-10-26T09:00:00+01:00,no2,38.9,µg/m³,41.449722,-8.296389
8720,PT01046,Braga,PT,2017-10-26T07:00:00+00:00,2017-10-26T08:00:00+01:00,pm10,21.2,µg/m³,41.449722,-8.296389
8720,PT01046,Braga,PT,2017-10-26T07:00:00+00:00,2017-10-26T08:00:00+01:00,no2,30.2,µg/m³,41.449722,-8.296389
8720,PT01046,Braga,PT,2017-10-26T06:00:00+00:00,2017-10-26T07:00:00+01:00,pm10,21.2,µg/m³,41.449722,-8.296389
8720,PT01046,Braga,PT,2017-10-26T06:00:00+00:00,2017-10-26T07:00:00+01:00,no2,24.6,µg/m³,41.449722,-8.296389
8720,PT01046,Braga,PT,2017-10-26T05:00:00+00:00,2017-10-26T06:00:00+01:00,no2,24.3,µg/m³,41.449722,-8.296389
8720,PT01046,Braga,PT,2017-10-26T05:00:00+00:00,2017-10-26T06:00:00+01:00,pm10,21.2,µg/m³,41.449722,-8.296389
8720,PT01046,Braga,PT,2017-10-26T04:00:00+00:00,2017-10-26T05:00:00+01:00,pm10,31.5,µg/m³,41.449722,-8.296389
8720,PT01046,Braga,PT,2017-10-26T04:00:00+00:00,2017-10-26T05:00:00+01:00,no2,26.2,µg/m³,41.449722,-8.296389
8720,PT01046,Braga,PT,2017-10-26T03:00:00+00:00,2017-10-26T04:00:00+01:00,no2,27.3,µg/m³,41.449722,-8.296389
8720,PT01046,Braga,PT,2017-10-26T03:00:00+00:00,2017-10-26T04:00:00+01:00,pm10,31.9,µg/m³,41.449722,-8.296389
8720,PT01046,Braga,PT,2017-10-26T02:00:00+00:00,2017-10-26T03:00:00+01:00,pm10,33,µg/m³,41.449722,-8.296389
8720,PT01046,Braga,PT,2017-10-26T02:00:00+00:00,2017-10-26T03:00:00+01:00,no2,27.6,µg/m³,41.449722,-8.296389
8720,PT01046,Braga,PT,2017-10-26T01:00:00+00:00,2017-10-26T02:00:00+01:00,no2,30.3,µg/m³,41.449722,-8.296389
8720,PT01046,Braga,PT,2017-10-26T01:00:00+00:00,2017-10-26T02:00:00+01:00,pm10,33,µg/m³,41.449722,-8.296389
8720,PT01046,Braga,PT,2017-10-26T00:00:00+00:00,2017-10-26T01:00:00+01:00,pm10,36.5,µg/m³,41.449722,-8.296389
8720,PT01046,Braga,PT,2017-10-26T00:00:00+00:00,2017-10-26T01:00:00+01:00,no2,32,µg/m³,41.449722,-8.296389
8720,PT01046,Braga,PT,2017-10-25T23:00:00+00:00,2017-10-26T00:00:00+01:00,pm10,36.6,µg/m³,41.449722,-8.296389
8720,PT01046,Braga,PT,2017-10-25T23:00:00+00:00,2017-10-26T00:00:00+01:00,no2,39.7,µg/m³,41.449722,-8.296389
8720,PT01046,Braga,PT,2017-10-25T07:00:00+00:00,2017-10-25T08:00:00+01:00,pm10,16.5,µg/m³,41.449722,-8.296389
8720,PT01046,Braga,PT,2017-10-25T07:00:00+00:00,2017-10-25T08:00:00+01:00,no2,39.4,µg/m³,41.449722,-8.296389
8720,PT01046,Braga,PT,2017-10-25T06:00:00+00:00,2017-10-25T07:00:00+01:00,no2,32.3,µg/m³,41.449722,-8.296389
8720,PT01046,Braga,PT,2017-10-25T06:00:00+00:00,2017-10-25T07:00:00+01:00,pm10,20,µg/m³,41.449722,-8.296389
8720,PT01046,Braga,PT,2017-10-25T05:00:00+00:00,2017-10-25T06:00:00+01:00,no2,29.2,µg/m³,41.449722,-8.296389
8720,PT01046,Braga,PT,2017-10-25T05:00:00+00:00,2017-10-25T06:00:00+01:00,pm10,20.1,µg/m³,41.449722,-8.296389
8720,PT01046,Braga,PT,2017-10-25T04:00:00+00:00,2017-10-25T05:00:00+01:00,pm10,26.9,µg/m³,41.449722,-8.296389
8720,PT01046,Braga,PT,2017-10-25T04:00:00+00:00,2017-10-25T05:00:00+01:00,no2,28.7,µg/m³,41.449722,-8.296389
8720,PT01046,Braga,PT,2017-10-25T03:00:00+00:00,2017-10-25T04:00:00+01:00,pm10,27.1,µg/m³,41.449722,-8.296389
8720,PT01046,Braga,PT,2017-10-25T03:00:00+00:00,2017-10-25T04:00:00+01:00,no2,34.6,µg/m³,41.449722,-8.296389
8720,PT01046,Braga,PT,2017-10-25T02:00:00+00:00,2017-10-25T03:00:00+01:00,no2,36.8,µg/m³,41.449722,-8.296389
8720,PT01046,Braga,PT,2017-10-25T01:00:00+00:00,2017-10-25T02:00:00+01:00,no2,41,µg/m³,41.449722,-8.296389
8720,PT01046,Braga,PT,2017-10-25T00:00:00+00:00,2017-10-25T01:00:00+01:00,pm10,35.4,µg/m³,41.449722,-8.296389
8720,PT01046,Braga,PT,2017-10-25T00:00:00+00:00,2017-10-25T01:00:00+01:00,no2,46.4,µg/m³,41.449722,-8.296389
8720,PT01046,Braga,PT,2017-10-24T23:00:00+00:00,2017-10-25T00:00:00+01:00,pm10,35.4,µg/m³,41.449722,-8.296389
8720,PT01046,Braga,PT,2017-10-24T23:00:00+00:00,2017-10-25T00:00:00+01:00,no2,53.7,µg/m³,41.449722,-8.296389
8720,PT01046,Braga,PT,2017-10-24T11:00:00+00:00,2017-10-24T12:00:00+01:00,no2,20.5,µg/m³,41.449722,-8.296389
8720,PT01046,Braga,PT,2017-10-24T10:00:00+00:00,2017-10-24T11:00:00+01:00,no2,31.3,µg/m³,41.449722,-8.296389
8720,PT01046,Braga,PT,2017-10-24T10:00:00+00:00,2017-10-24T11:00:00+01:00,pm10,26,µg/m³,41.449722,-8.296389
8720,PT01046,Braga,PT,2017-10-24T09:00:00+00:00,2017-10-24T10:00:00+01:00,no2,69.6,µg/m³,41.449722,-8.296389
8720,PT01046,Braga,PT,2017-10-24T09:00:00+00:00,2017-10-24T10:00:00+01:00,pm10,26,µg/m³,41.449722,-8.296389
8720,PT01046,Braga,PT,2017-10-24T08:00:00+00:00,2017-10-24T09:00:00+01:00,pm10,23.7,µg/m³,41.449722,-8.296389
8720,PT01046,Braga,PT,2017-10-24T08:00:00+00:00,2017-10-24T09:00:00+01:00,no2,47.9,µg/m³,41.449722,-8.296389
8720,PT01046,Braga,PT,2017-10-24T07:00:00+00:00,2017-10-24T08:00:00+01:00,no2,37.1,µg/m³,41.449722,-8.296389
8720,PT01046,Braga,PT,2017-10-24T07:00:00+00:00,2017-10-24T08:00:00+01:00,pm10,23.6,µg/m³,41.449722,-8.296389
8720,PT01046,Braga,PT,2017-10-24T06:00:00+00:00,2017-10-24T07:00:00+01:00,no2,29.8,µg/m³,41.449722,-8.296389
8720,PT01046,Braga,PT,2017-10-24T06:00:00+00:00,2017-10-24T07:00:00+01:00,pm10,23.6,µg/m³,41.449722,-8.296389
8720,PT01046,Braga,PT,2017-10-24T05:00:00+00:00,2017-10-24T06:00:00+01:00,no2,30.7,µg/m³,41.449722,-8.296389
8720,PT01046,Braga,PT,2017-10-24T05:00:00+00:00,2017-10-24T06:00:00+01:00,pm10,23.6,µg/m³,41.449722,-8.296389
8720,PT01046,Braga,PT,2017-10-24T04:00:00+00:00,2017-10-24T05:00:00+01:00,no2,26.8,µg/m³,41.449722,-8.296389
8720,PT01046,Braga,PT,2017-10-24T04:00:00+00:00,2017-10-24T05:00:00+01:00,pm10,33.9,µg/m³,41.449722,-8.296389
8720,PT01046,Braga,PT,2017-10-24T03:00:00+00:00,2017-10-24T04:00:00+01:00,no2,29.1,µg/m³,41.449722,-8.296389
8720,PT01046,Braga,PT,2017-10-24T03:00:00+00:00,2017-10-24T04:00:00+01:00,pm10,34.2,µg/m³,41.449722,-8.296389
8720,PT01046,Braga,PT,2017-10-24T02:00:00+00:00,2017-10-24T03:00:00+01:00,no2,28.4,µg/m³,41.449722,-8.296389
8720,PT01046,Braga,PT,2017-10-24T01:00:00+00:00,2017-10-24T02:00:00+01:00,no2,37.3,µg/m³,41.449722,-8.296389
8720,PT01046,Braga,PT,2017-10-24T00:00:00+00:00,2017-10-24T01:00:00+01:00,pm10,23.6,µg/m³,41.449722,-8.296389
8720,PT01046,Braga,PT,2017-10-24T00:00:00+00:00,2017-10-24T01:00:00+01:00,no2,40.9,µg/m³,41.449722,-8.296389
8720,PT01046,Braga,PT,2017-10-23T23:00:00+00:00,2017-10-24T00:00:00+01:00,pm10,23.6,µg/m³,41.449722,-8.296389
8720,PT01046,Braga,PT,2017-10-23T23:00:00+00:00,2017-10-24T00:00:00+01:00,no2,48.1,µg/m³,41.449722,-8.296389
8720,PT01046,Braga,PT,2017-10-23T10:00:00+00:00,2017-10-23T11:00:00+01:00,no2,25.9,µg/m³,41.449722,-8.296389
8720,PT01046,Braga,PT,2017-10-23T10:00:00+00:00,2017-10-23T11:00:00+01:00,pm10,9.4,µg/m³,41.449722,-8.296389
8720,PT01046,Braga,PT,2017-10-23T09:00:00+00:00,2017-10-23T10:00:00+01:00,pm10,9.4,µg/m³,41.449722,-8.296389
8720,PT01046,Braga,PT,2017-10-23T09:00:00+00:00,2017-10-23T10:00:00+01:00,no2,0.6,µg/m³,41.449722,-8.296389
8720,PT01046,Braga,PT,2017-10-23T08:00:00+00:00,2017-10-23T09:00:00+01:00,pm10,10.6,µg/m³,41.449722,-8.296389
8720,PT01046,Braga,PT,2017-10-23T08:00:00+00:00,2017-10-23T09:00:00+01:00,no2,11.2,µg/m³,41.449722,-8.296389
8720,PT01046,Braga,PT,2017-10-23T07:00:00+00:00,2017-10-23T08:00:00+01:00,pm10,10.6,µg/m³,41.449722,-8.296389
8720,PT01046,Braga,PT,2017-10-23T07:00:00+00:00,2017-10-23T08:00:00+01:00,no2,22.2,µg/m³,41.449722,-8.296389
8720,PT01046,Braga,PT,2017-10-23T06:00:00+00:00,2017-10-23T07:00:00+01:00,no2,17,µg/m³,41.449722,-8.296389
8720,PT01046,Braga,PT,2017-10-23T06:00:00+00:00,2017-10-23T07:00:00+01:00,pm10,10.6,µg/m³,41.449722,-8.296389
8720,PT01046,Braga,PT,2017-10-23T05:00:00+00:00,2017-10-23T06:00:00+01:00,no2,20,µg/m³,41.449722,-8.296389
8720,PT01046,Braga,PT,2017-10-23T05:00:00+00:00,2017-10-23T06:00:00+01:00,pm10,10.6,µg/m³,41.449722,-8.296389
8720,PT01046,Braga,PT,2017-10-23T04:00:00+00:00,2017-10-23T05:00:00+01:00,pm10,14,µg/m³,41.449722,-8.296389
8720,PT01046,Braga,PT,2017-10-23T04:00:00+00:00,2017-10-23T05:00:00+01:00,no2,19.6,µg/m³,41.449722,-8.296389
8720,PT01046,Braga,PT,2017-10-23T03:00:00+00:00,2017-10-23T04:00:00+01:00,no2,19.9,µg/m³,41.449722,-8.296389
8720,PT01046,Braga,PT,2017-10-23T03:00:00+00:00,2017-10-23T04:00:00+01:00,pm10,14.2,µg/m³,41.449722,-8.296389
8720,PT01046,Braga,PT,2017-10-23T02:00:00+00:00,2017-10-23T03:00:00+01:00,pm10,14.2,µg/m³,41.449722,-8.296389
8720,PT01046,Braga,PT,2017-10-23T02:00:00+00:00,2017-10-23T03:00:00+01:00,no2,22.2,µg/m³,41.449722,-8.296389
8720,PT01046,Braga,PT,2017-10-23T01:00:00+00:00,2017-10-23T02:00:00+01:00,no2,19.1,µg/m³,41.449722,-8.296389
8720,PT01046,Braga,PT,2017-10-23T01:00:00+00:00,2017-10-23T02:00:00+01:00,pm10,14.2,µg/m³,41.449722,-8.296389
8720,PT01046,Braga,PT,2017-10-23T00:00:00+00:00,2017-10-23T01:00:00+01:00,no2,15.6,µg/m³,41.449722,-8.296389
8720,PT01046,Braga,PT,2017-10-23T00:00:00+00:00,2017-10-23T01:00:00+01:00,pm10,14.2,µg/m³,41.449722,-8.296389
8720,PT01046,Braga,PT,2017-10-22T23:00:00+00:00,2017-10-23T00:00:00+01:00,no2,20.5,µg/m³,41.449722,-8.296389
8720,PT01046,Braga,PT,2017-10-22T23:00:00+00:00,2017-10-23T00:00:00+01:00,pm10,14.2,µg/m³,41.449722,-8.296389
8720,PT01046,Braga,PT,2017-10-19T10:00:00+00:00,2017-10-19T11:00:00+01:00,pm10,10.7,µg/m³,41.449722,-8.296389
8720,PT01046,Braga,PT,2017-10-19T10:00:00+00:00,2017-10-19T11:00:00+01:00,no2,3.9,µg/m³,41.449722,-8.296389
8720,PT01046,Braga,PT,2017-10-19T09:00:00+00:00,2017-10-19T10:00:00+01:00,no2,2.1,µg/m³,41.449722,-8.296389
8720,PT01046,Braga,PT,2017-10-19T09:00:00+00:00,2017-10-19T10:00:00+01:00,pm10,10.6,µg/m³,41.449722,-8.296389
8720,PT01046,Braga,PT,2017-10-19T08:00:00+00:00,2017-10-19T09:00:00+01:00,no2,0.7,µg/m³,41.449722,-8.296389
8720,PT01046,Braga,PT,2017-10-19T08:00:00+00:00,2017-10-19T09:00:00+01:00,pm10,8.3,µg/m³,41.449722,-8.296389
8720,PT01046,Braga,PT,2017-10-19T07:00:00+00:00,2017-10-19T08:00:00+01:00,no2,8.3,µg/m³,41.449722,-8.296389
8720,PT01046,Braga,PT,2017-10-19T07:00:00+00:00,2017-10-19T08:00:00+01:00,pm10,8.3,µg/m³,41.449722,-8.296389
8720,PT01046,Braga,PT,2017-10-19T06:00:00+00:00,2017-10-19T07:00:00+01:00,no2,14.4,µg/m³,41.449722,-8.296389
8720,PT01046,Braga,PT,2017-10-19T06:00:00+00:00,2017-10-19T07:00:00+01:00,pm10,10.6,µg/m³,41.449722,-8.296389
8720,PT01046,Braga,PT,2017-10-19T05:00:00+00:00,2017-10-19T06:00:00+01:00,pm10,10.6,µg/m³,41.449722,-8.296389
8720,PT01046,Braga,PT,2017-10-19T05:00:00+00:00,2017-10-19T06:00:00+01:00,no2,16.3,µg/m³,41.449722,-8.296389
8720,PT01046,Braga,PT,2017-10-19T04:00:00+00:00,2017-10-19T05:00:00+01:00,pm10,11.8,µg/m³,41.449722,-8.296389
8720,PT01046,Braga,PT,2017-10-19T04:00:00+00:00,2017-10-19T05:00:00+01:00,no2,18.2,µg/m³,41.449722,-8.296389
8720,PT01046,Braga,PT,2017-10-19T03:00:00+00:00,2017-10-19T04:00:00+01:00,no2,19.8,µg/m³,41.449722,-8.296389
8720,PT01046,Braga,PT,2017-10-19T03:00:00+00:00,2017-10-19T04:00:00+01:00,pm10,11.8,µg/m³,41.449722,-8.296389
8720,PT01046,Braga,PT,2017-10-19T02:00:00+00:00,2017-10-19T03:00:00+01:00,no2,19.6,µg/m³,41.449722,-8.296389
8720,PT01046,Braga,PT,2017-10-19T01:00:00+00:00,2017-10-19T02:00:00+01:00,no2,16.1,µg/m³,41.449722,-8.296389
8720,PT01046,Braga,PT,2017-10-19T00:00:00+00:00,2017-10-19T01:00:00+01:00,pm10,15.3,µg/m³,41.449722,-8.296389
8720,PT01046,Braga,PT,2017-10-19T00:00:00+00:00,2017-10-19T01:00:00+01:00,no2,14.4,µg/m³,41.449722,-8.296389
8720,PT01046,Braga,PT,2017-10-18T23:00:00+00:00,2017-10-19T00:00:00+01:00,pm10,15.3,µg/m³,41.449722,-8.296389
8720,PT01046,Braga,PT,2017-10-18T23:00:00+00:00,2017-10-19T00:00:00+01:00,no2,22,µg/m³,41.449722,-8.296389
8720,PT01046,Braga,PT,2017-10-18T11:00:00+00:00,2017-10-18T12:00:00+01:00,no2,21.9,µg/m³,41.449722,-8.296389
8720,PT01046,Braga,PT,2017-10-18T11:00:00+00:00,2017-10-18T12:00:00+01:00,pm10,9.4,µg/m³,41.449722,-8.296389
8720,PT01046,Braga,PT,2017-10-18T10:00:00+00:00,2017-10-18T11:00:00+01:00,pm10,11.7,µg/m³,41.449722,-8.296389
8720,PT01046,Braga,PT,2017-10-18T10:00:00+00:00,2017-10-18T11:00:00+01:00,no2,23.6,µg/m³,41.449722,-8.296389
8720,PT01046,Braga,PT,2017-10-18T09:00:00+00:00,2017-10-18T10:00:00+01:00,no2,15.9,µg/m³,41.449722,-8.296389
8720,PT01046,Braga,PT,2017-10-18T09:00:00+00:00,2017-10-18T10:00:00+01:00,pm10,11.8,µg/m³,41.449722,-8.296389
8720,PT01046,Braga,PT,2017-10-18T08:00:00+00:00,2017-10-18T09:00:00+01:00,pm10,17.5,µg/m³,41.449722,-8.296389
8720,PT01046,Braga,PT,2017-10-18T08:00:00+00:00,2017-10-18T09:00:00+01:00,no2,21.6,µg/m³,41.449722,-8.296389
8720,PT01046,Braga,PT,2017-10-18T07:00:00+00:00,2017-10-18T08:00:00+01:00,no2,20.9,µg/m³,41.449722,-8.296389
8720,PT01046,Braga,PT,2017-10-18T07:00:00+00:00,2017-10-18T08:00:00+01:00,pm10,17.7,µg/m³,41.449722,-8.296389
8720,PT01046,Braga,PT,2017-10-18T06:00:00+00:00,2017-10-18T07:00:00+01:00,no2,20.9,µg/m³,41.449722,-8.296389
8720,PT01046,Braga,PT,2017-10-18T06:00:00+00:00,2017-10-18T07:00:00+01:00,pm10,18.8,µg/m³,41.449722,-8.296389
8720,PT01046,Braga,PT,2017-10-18T05:00:00+00:00,2017-10-18T06:00:00+01:00,no2,19.6,µg/m³,41.449722,-8.296389
8720,PT01046,Braga,PT,2017-10-18T05:00:00+00:00,2017-10-18T06:00:00+01:00,pm10,18.9,µg/m³,41.449722,-8.296389
8720,PT01046,Braga,PT,2017-10-18T04:00:00+00:00,2017-10-18T05:00:00+01:00,pm10,25.7,µg/m³,41.449722,-8.296389
8720,PT01046,Braga,PT,2017-10-18T04:00:00+00:00,2017-10-18T05:00:00+01:00,no2,19.1,µg/m³,41.449722,-8.296389
8720,PT01046,Braga,PT,2017-10-18T03:00:00+00:00,2017-10-18T04:00:00+01:00,no2,18.9,µg/m³,41.449722,-8.296389
8720,PT01046,Braga,PT,2017-10-18T03:00:00+00:00,2017-10-18T04:00:00+01:00,pm10,26,µg/m³,41.449722,-8.296389
8720,PT01046,Braga,PT,2017-10-18T02:00:00+00:00,2017-10-18T03:00:00+01:00,pm10,28.3,µg/m³,41.449722,-8.296389
8720,PT01046,Braga,PT,2017-10-18T02:00:00+00:00,2017-10-18T03:00:00+01:00,no2,19.3,µg/m³,41.449722,-8.296389
8720,PT01046,Braga,PT,2017-10-18T01:00:00+00:00,2017-10-18T02:00:00+01:00,pm10,28.3,µg/m³,41.449722,-8.296389
8720,PT01046,Braga,PT,2017-10-18T01:00:00+00:00,2017-10-18T02:00:00+01:00,no2,19.9,µg/m³,41.449722,-8.296389
8720,PT01046,Braga,PT,2017-10-18T00:00:00+00:00,2017-10-18T01:00:00+01:00,no2,21.6,µg/m³,41.449722,-8.296389
8720,PT01046,Braga,PT,2017-10-18T00:00:00+00:00,2017-10-18T01:00:00+01:00,pm10,34,µg/m³,41.449722,-8.296389
8720,PT01046,Braga,PT,2017-10-17T23:00:00+00:00,2017-10-18T00:00:00+01:00,pm10,34.2,µg/m³,41.449722,-8.296389
8720,PT01046,Braga,PT,2017-10-17T23:00:00+00:00,2017-10-18T00:00:00+01:00,no2,23.1,µg/m³,41.449722,-8.296389
8720,PT01046,Braga,PT,2017-10-16T09:00:00+00:00,2017-10-16T10:00:00+01:00,no2,121.1,µg/m³,41.449722,-8.296389
8720,PT01046,Braga,PT,2017-10-16T09:00:00+00:00,2017-10-16T10:00:00+01:00,pm10,93.2,µg/m³,41.449722,-8.296389
8720,PT01046,Braga,PT,2017-10-16T08:00:00+00:00,2017-10-16T09:00:00+01:00,no2,79.3,µg/m³,41.449722,-8.296389
8720,PT01046,Braga,PT,2017-10-16T08:00:00+00:00,2017-10-16T09:00:00+01:00,pm10,93.2,µg/m³,41.449722,-8.296389
8720,PT01046,Braga,PT,2017-10-16T07:00:00+00:00,2017-10-16T08:00:00+01:00,pm10,93.2,µg/m³,41.449722,-8.296389
8720,PT01046,Braga,PT,2017-10-16T07:00:00+00:00,2017-10-16T08:00:00+01:00,no2,75.3,µg/m³,41.449722,-8.296389
8720,PT01046,Braga,PT,2017-10-16T06:00:00+00:00,2017-10-16T07:00:00+01:00,no2,65,µg/m³,41.449722,-8.296389
8720,PT01046,Braga,PT,2017-10-16T06:00:00+00:00,2017-10-16T07:00:00+01:00,pm10,96.6,µg/m³,41.449722,-8.296389
8720,PT01046,Braga,PT,2017-10-16T05:00:00+00:00,2017-10-16T06:00:00+01:00,no2,55.7,µg/m³,41.449722,-8.296389
8720,PT01046,Braga,PT,2017-10-16T05:00:00+00:00,2017-10-16T06:00:00+01:00,pm10,96.8,µg/m³,41.449722,-8.296389
8720,PT01046,Braga,PT,2017-10-16T04:00:00+00:00,2017-10-16T05:00:00+01:00,pm10,101.4,µg/m³,41.449722,-8.296389
8720,PT01046,Braga,PT,2017-10-16T04:00:00+00:00,2017-10-16T05:00:00+01:00,no2,62,µg/m³,41.449722,-8.296389
8720,PT01046,Braga,PT,2017-10-16T03:00:00+00:00,2017-10-16T04:00:00+01:00,no2,63.4,µg/m³,41.449722,-8.296389
8720,PT01046,Braga,PT,2017-10-16T03:00:00+00:00,2017-10-16T04:00:00+01:00,pm10,101.5,µg/m³,41.449722,-8.296389
8720,PT01046,Braga,PT,2017-10-16T02:00:00+00:00,2017-10-16T03:00:00+01:00,pm10,100.3,µg/m³,41.449722,-8.296389
8720,PT01046,Braga,PT,2017-10-16T02:00:00+00:00,2017-10-16T03:00:00+01:00,no2,70.2,µg/m³,41.449722,-8.296389
8720,PT01046,Braga,PT,2017-10-16T01:00:00+00:00,2017-10-16T02:00:00+01:00,pm10,100.3,µg/m³,41.449722,-8.296389
8720,PT01046,Braga,PT,2017-10-16T01:00:00+00:00,2017-10-16T02:00:00+01:00,no2,55,µg/m³,41.449722,-8.296389
8720,PT01046,Braga,PT,2017-10-16T00:00:00+00:00,2017-10-16T01:00:00+01:00,no2,60.2,µg/m³,41.449722,-8.296389
8720,PT01046,Braga,PT,2017-10-15T23:00:00+00:00,2017-10-16T00:00:00+01:00,no2,67.2,µg/m³,41.449722,-8.296389
8720,PT01046,Braga,PT,2017-10-13T11:00:00+00:00,2017-10-13T12:00:00+01:00,no2,127.3,µg/m³,41.449722,-8.296389
8720,PT01046,Braga,PT,2017-10-13T10:00:00+00:00,2017-10-13T11:00:00+01:00,pm10,35.4,µg/m³,41.449722,-8.296389
8720,PT01046,Braga,PT,2017-10-13T09:00:00+00:00,2017-10-13T10:00:00+01:00,pm10,35.4,µg/m³,41.449722,-8.296389
8720,PT01046,Braga,PT,2017-10-13T08:00:00+00:00,2017-10-13T09:00:00+01:00,pm10,40,µg/m³,41.449722,-8.296389
8720,PT01046,Braga,PT,2017-10-13T07:00:00+00:00,2017-10-13T08:00:00+01:00,pm10,40.1,µg/m³,41.449722,-8.296389
8720,PT01046,Braga,PT,2017-10-13T06:00:00+00:00,2017-10-13T07:00:00+01:00,pm10,43.5,µg/m³,41.449722,-8.296389
8720,PT01046,Braga,PT,2017-10-13T05:00:00+00:00,2017-10-13T06:00:00+01:00,pm10,43.7,µg/m³,41.449722,-8.296389
8720,PT01046,Braga,PT,2017-10-12T09:00:00+00:00,2017-10-12T10:00:00+01:00,pm10,31.9,µg/m³,41.449722,-8.296389
8720,PT01046,Braga,PT,2017-10-12T09:00:00+00:00,2017-10-12T10:00:00+01:00,no2,482.4,µg/m³,41.449722,-8.296389
8720,PT01046,Braga,PT,2017-10-12T08:00:00+00:00,2017-10-12T09:00:00+01:00,pm10,36.5,µg/m³,41.449722,-8.296389
8720,PT01046,Braga,PT,2017-10-12T08:00:00+00:00,2017-10-12T09:00:00+01:00,no2,320.5,µg/m³,41.449722,-8.296389
8720,PT01046,Braga,PT,2017-10-12T07:00:00+00:00,2017-10-12T08:00:00+01:00,pm10,36.6,µg/m³,41.449722,-8.296389
8720,PT01046,Braga,PT,2017-10-12T07:00:00+00:00,2017-10-12T08:00:00+01:00,no2,188.8,µg/m³,41.449722,-8.296389
8720,PT01046,Braga,PT,2017-10-12T06:00:00+00:00,2017-10-12T07:00:00+01:00,no2,88.5,µg/m³,41.449722,-8.296389
8720,PT01046,Braga,PT,2017-10-12T06:00:00+00:00,2017-10-12T07:00:00+01:00,pm10,44.6,µg/m³,41.449722,-8.296389
8720,PT01046,Braga,PT,2017-10-12T05:00:00+00:00,2017-10-12T06:00:00+01:00,pm10,44.8,µg/m³,41.449722,-8.296389
8720,PT01046,Braga,PT,2017-10-12T05:00:00+00:00,2017-10-12T06:00:00+01:00,no2,71.1,µg/m³,41.449722,-8.296389
8720,PT01046,Braga,PT,2017-10-12T04:00:00+00:00,2017-10-12T05:00:00+01:00,no2,73.7,µg/m³,41.449722,-8.296389
8720,PT01046,Braga,PT,2017-10-12T03:00:00+00:00,2017-10-12T04:00:00+01:00,no2,80.9,µg/m³,41.449722,-8.296389
8720,PT01046,Braga,PT,2017-10-12T02:00:00+00:00,2017-10-12T03:00:00+01:00,no2,91.4,µg/m³,41.449722,-8.296389
8720,PT01046,Braga,PT,2017-10-12T02:00:00+00:00,2017-10-12T03:00:00+01:00,pm10,59,µg/m³,41.449722,-8.296389
8720,PT01046,Braga,PT,2017-10-12T01:00:00+00:00,2017-10-12T02:00:00+01:00,pm10,59,µg/m³,41.449722,-8.296389
8720,PT01046,Braga,PT,2017-10-12T00:00:00+00:00,2017-10-12T01:00:00+01:00,no2,176.1,µg/m³,41.449722,-8.296389
8720,PT01046,Braga,PT,2017-10-11T23:00:00+00:00,2017-10-12T00:00:00+01:00,no2,226.3,µg/m³,41.449722,-8.296389
8720,PT01046,Braga,PT,2017-10-11T09:00:00+00:00,2017-10-11T10:00:00+01:00,no2,465.8,µg/m³,41.449722,-8.296389
8720,PT01046,Braga,PT,2017-10-11T08:00:00+00:00,2017-10-11T09:00:00+01:00,no2,307.5,µg/m³,41.449722,-8.296389
8720,PT01046,Braga,PT,2017-10-11T08:00:00+00:00,2017-10-11T09:00:00+01:00,pm10,55.5,µg/m³,41.449722,-8.296389
8720,PT01046,Braga,PT,2017-10-11T07:00:00+00:00,2017-10-11T08:00:00+01:00,pm10,55.5,µg/m³,41.449722,-8.296389
8720,PT01046,Braga,PT,2017-10-11T07:00:00+00:00,2017-10-11T08:00:00+01:00,no2,213.1,µg/m³,41.449722,-8.296389
8720,PT01046,Braga,PT,2017-10-11T06:00:00+00:00,2017-10-11T07:00:00+01:00,pm10,57.7,µg/m³,41.449722,-8.296389
8720,PT01046,Braga,PT,2017-10-11T06:00:00+00:00,2017-10-11T07:00:00+01:00,no2,114.2,µg/m³,41.449722,-8.296389
8720,PT01046,Braga,PT,2017-10-11T05:00:00+00:00,2017-10-11T06:00:00+01:00,no2,96.3,µg/m³,41.449722,-8.296389
8720,PT01046,Braga,PT,2017-10-11T05:00:00+00:00,2017-10-11T06:00:00+01:00,pm10,57.8,µg/m³,41.449722,-8.296389
8720,PT01046,Braga,PT,2017-10-11T04:00:00+00:00,2017-10-11T05:00:00+01:00,no2,83.1,µg/m³,41.449722,-8.296389
8720,PT01046,Braga,PT,2017-10-11T03:00:00+00:00,2017-10-11T04:00:00+01:00,no2,88.7,µg/m³,41.449722,-8.296389
8720,PT01046,Braga,PT,2017-10-11T02:00:00+00:00,2017-10-11T03:00:00+01:00,no2,97.1,µg/m³,41.449722,-8.296389
8720,PT01046,Braga,PT,2017-10-11T02:00:00+00:00,2017-10-11T03:00:00+01:00,pm10,76.7,µg/m³,41.449722,-8.296389
8720,PT01046,Braga,PT,2017-10-11T01:00:00+00:00,2017-10-11T02:00:00+01:00,pm10,76.7,µg/m³,41.449722,-8.296389
8720,PT01046,Braga,PT,2017-10-11T01:00:00+00:00,2017-10-11T02:00:00+01:00,no2,126.2,µg/m³,41.449722,-8.296389
8720,PT01046,Braga,PT,2017-10-11T00:00:00+00:00,2017-10-11T01:00:00+01:00,no2,180.4,µg/m³,41.449722,-8.296389
8720,PT01046,Braga,PT,2017-10-10T23:00:00+00:00,2017-10-11T00:00:00+01:00,no2,225.8,µg/m³,41.449722,-8.296389
8720,PT01046,Braga,PT,2017-10-10T09:00:00+00:00,2017-10-10T10:00:00+01:00,no2,483.9,µg/m³,41.449722,-8.296389
8720,PT01046,Braga,PT,2017-10-10T08:00:00+00:00,2017-10-10T09:00:00+01:00,no2,360.6,µg/m³,41.449722,-8.296389
8720,PT01046,Braga,PT,2017-10-10T08:00:00+00:00,2017-10-10T09:00:00+01:00,pm10,82.6,µg/m³,41.449722,-8.296389
8720,PT01046,Braga,PT,2017-10-10T07:00:00+00:00,2017-10-10T08:00:00+01:00,no2,213.7,µg/m³,41.449722,-8.296389
8720,PT01046,Braga,PT,2017-10-10T07:00:00+00:00,2017-10-10T08:00:00+01:00,pm10,82.6,µg/m³,41.449722,-8.296389
8720,PT01046,Braga,PT,2017-10-10T06:00:00+00:00,2017-10-10T07:00:00+01:00,pm10,105.4,µg/m³,41.449722,-8.296389
8720,PT01046,Braga,PT,2017-10-10T06:00:00+00:00,2017-10-10T07:00:00+01:00,no2,92.9,µg/m³,41.449722,-8.296389
8720,PT01046,Braga,PT,2017-10-10T05:00:00+00:00,2017-10-10T06:00:00+01:00,no2,88.3,µg/m³,41.449722,-8.296389
8720,PT01046,Braga,PT,2017-10-10T05:00:00+00:00,2017-10-10T06:00:00+01:00,pm10,106.2,µg/m³,41.449722,-8.296389
8720,PT01046,Braga,PT,2017-10-10T04:00:00+00:00,2017-10-10T05:00:00+01:00,no2,77.5,µg/m³,41.449722,-8.296389
8720,PT01046,Braga,PT,2017-10-10T03:00:00+00:00,2017-10-10T04:00:00+01:00,no2,90.4,µg/m³,41.449722,-8.296389
8720,PT01046,Braga,PT,2017-10-10T02:00:00+00:00,2017-10-10T03:00:00+01:00,no2,115,µg/m³,41.449722,-8.296389
8720,PT01046,Braga,PT,2017-10-10T01:00:00+00:00,2017-10-10T02:00:00+01:00,no2,124.9,µg/m³,41.449722,-8.296389
8720,PT01046,Braga,PT,2017-10-10T00:00:00+00:00,2017-10-10T01:00:00+01:00,no2,177.6,µg/m³,41.449722,-8.296389
8720,PT01046,Braga,PT,2017-10-09T23:00:00+00:00,2017-10-10T00:00:00+01:00,no2,213.5,µg/m³,41.449722,-8.296389
8720,PT01046,Braga,PT,2017-10-04T09:00:00+00:00,2017-10-04T10:00:00+01:00,no2,276.9,µg/m³,41.449722,-8.296389
8720,PT01046,Braga,PT,2017-10-04T09:00:00+00:00,2017-10-04T10:00:00+01:00,pm10,16.5,µg/m³,41.449722,-8.296389
8720,PT01046,Braga,PT,2017-10-04T08:00:00+00:00,2017-10-04T09:00:00+01:00,pm10,22.3,µg/m³,41.449722,-8.296389
8720,PT01046,Braga,PT,2017-10-04T08:00:00+00:00,2017-10-04T09:00:00+01:00,no2,238.2,µg/m³,41.449722,-8.296389
8720,PT01046,Braga,PT,2017-10-04T07:00:00+00:00,2017-10-04T08:00:00+01:00,pm10,22.4,µg/m³,41.449722,-8.296389
8720,PT01046,Braga,PT,2017-10-04T07:00:00+00:00,2017-10-04T08:00:00+01:00,no2,161.1,µg/m³,41.449722,-8.296389
8720,PT01046,Braga,PT,2017-10-04T06:00:00+00:00,2017-10-04T07:00:00+01:00,no2,84.5,µg/m³,41.449722,-8.296389
8720,PT01046,Braga,PT,2017-10-04T06:00:00+00:00,2017-10-04T07:00:00+01:00,pm10,32.7,µg/m³,41.449722,-8.296389
8720,PT01046,Braga,PT,2017-10-04T05:00:00+00:00,2017-10-04T06:00:00+01:00,no2,58.8,µg/m³,41.449722,-8.296389
8720,PT01046,Braga,PT,2017-10-04T05:00:00+00:00,2017-10-04T06:00:00+01:00,pm10,33,µg/m³,41.449722,-8.296389
8720,PT01046,Braga,PT,2017-10-04T04:00:00+00:00,2017-10-04T05:00:00+01:00,no2,55.3,µg/m³,41.449722,-8.296389
8720,PT01046,Braga,PT,2017-10-04T04:00:00+00:00,2017-10-04T05:00:00+01:00,pm10,31.9,µg/m³,41.449722,-8.296389
8720,PT01046,Braga,PT,2017-10-04T03:00:00+00:00,2017-10-04T04:00:00+01:00,no2,59.2,µg/m³,41.449722,-8.296389
8720,PT01046,Braga,PT,2017-10-04T03:00:00+00:00,2017-10-04T04:00:00+01:00,pm10,31.9,µg/m³,41.449722,-8.296389
8720,PT01046,Braga,PT,2017-10-04T02:00:00+00:00,2017-10-04T03:00:00+01:00,pm10,37.6,µg/m³,41.449722,-8.296389
8720,PT01046,Braga,PT,2017-10-04T02:00:00+00:00,2017-10-04T03:00:00+01:00,no2,76,µg/m³,41.449722,-8.296389
8720,PT01046,Braga,PT,2017-10-04T01:00:00+00:00,2017-10-04T02:00:00+01:00,pm10,37.8,µg/m³,41.449722,-8.296389
8720,PT01046,Braga,PT,2017-10-04T01:00:00+00:00,2017-10-04T02:00:00+01:00,no2,93,µg/m³,41.449722,-8.296389
8720,PT01046,Braga,PT,2017-10-04T00:00:00+00:00,2017-10-04T01:00:00+01:00,pm10,37.8,µg/m³,41.449722,-8.296389
8720,PT01046,Braga,PT,2017-10-04T00:00:00+00:00,2017-10-04T01:00:00+01:00,no2,102.2,µg/m³,41.449722,-8.296389
8720,PT01046,Braga,PT,2017-10-03T23:00:00+00:00,2017-10-04T00:00:00+01:00,no2,140.6,µg/m³,41.449722,-8.296389
8720,PT01046,Braga,PT,2017-10-03T23:00:00+00:00,2017-10-04T00:00:00+01:00,pm10,37.8,µg/m³,41.449722,-8.296389
8720,PT01046,Braga,PT,2017-09-29T05:00:00+00:00,2017-09-29T06:00:00+01:00,no2,47.4,µg/m³,41.449722,-8.296389
8720,PT01046,Braga,PT,2017-09-29T05:00:00+00:00,2017-09-29T06:00:00+01:00,pm10,26,µg/m³,41.449722,-8.296389
8720,PT01046,Braga,PT,2017-09-29T04:00:00+00:00,2017-09-29T05:00:00+01:00,pm10,26,µg/m³,41.449722,-8.296389
8720,PT01046,Braga,PT,2017-09-29T04:00:00+00:00,2017-09-29T05:00:00+01:00,no2,49.7,µg/m³,41.449722,-8.296389
8720,PT01046,Braga,PT,2017-09-29T03:00:00+00:00,2017-09-29T04:00:00+01:00,no2,55.2,µg/m³,41.449722,-8.296389
8720,PT01046,Braga,PT,2017-09-29T03:00:00+00:00,2017-09-29T04:00:00+01:00,pm10,26,µg/m³,41.449722,-8.296389
8720,PT01046,Braga,PT,2017-09-29T02:00:00+00:00,2017-09-29T03:00:00+01:00,no2,59.9,µg/m³,41.449722,-8.296389
8720,PT01046,Braga,PT,2017-09-29T02:00:00+00:00,2017-09-29T03:00:00+01:00,pm10,28.2,µg/m³,41.449722,-8.296389
8720,PT01046,Braga,PT,2017-09-29T01:00:00+00:00,2017-09-29T02:00:00+01:00,no2,69.1,µg/m³,41.449722,-8.296389
8720,PT01046,Braga,PT,2017-09-29T01:00:00+00:00,2017-09-29T02:00:00+01:00,pm10,28.3,µg/m³,41.449722,-8.296389
8720,PT01046,Braga,PT,2017-09-28T11:00:00+00:00,2017-09-28T12:00:00+01:00,no2,64.1,µg/m³,41.449722,-8.296389
8720,PT01046,Braga,PT,2017-09-28T10:00:00+00:00,2017-09-28T11:00:00+01:00,pm10,14.2,µg/m³,41.449722,-8.296389
8720,PT01046,Braga,PT,2017-09-28T10:00:00+00:00,2017-09-28T11:00:00+01:00,no2,134.9,µg/m³,41.449722,-8.296389
8720,PT01046,Braga,PT,2017-09-28T09:00:00+00:00,2017-09-28T10:00:00+01:00,no2,211.9,µg/m³,41.449722,-8.296389
8720,PT01046,Braga,PT,2017-09-28T09:00:00+00:00,2017-09-28T10:00:00+01:00,pm10,14.2,µg/m³,41.449722,-8.296389
8720,PT01046,Braga,PT,2017-09-28T08:00:00+00:00,2017-09-28T09:00:00+01:00,no2,148.9,µg/m³,41.449722,-8.296389
8720,PT01046,Braga,PT,2017-09-28T08:00:00+00:00,2017-09-28T09:00:00+01:00,pm10,19.9,µg/m³,41.449722,-8.296389
8720,PT01046,Braga,PT,2017-09-28T07:00:00+00:00,2017-09-28T08:00:00+01:00,no2,92.2,µg/m³,41.449722,-8.296389
8720,PT01046,Braga,PT,2017-09-28T07:00:00+00:00,2017-09-28T08:00:00+01:00,pm10,20.1,µg/m³,41.449722,-8.296389
8720,PT01046,Braga,PT,2017-09-28T06:00:00+00:00,2017-09-28T07:00:00+01:00,no2,52.2,µg/m³,41.449722,-8.296389
8720,PT01046,Braga,PT,2017-09-28T06:00:00+00:00,2017-09-28T07:00:00+01:00,pm10,25.8,µg/m³,41.449722,-8.296389
8720,PT01046,Braga,PT,2017-09-28T05:00:00+00:00,2017-09-28T06:00:00+01:00,no2,46.3,µg/m³,41.449722,-8.296389
8720,PT01046,Braga,PT,2017-09-28T05:00:00+00:00,2017-09-28T06:00:00+01:00,pm10,26,µg/m³,41.449722,-8.296389
8720,PT01046,Braga,PT,2017-09-28T04:00:00+00:00,2017-09-28T05:00:00+01:00,pm10,26,µg/m³,41.449722,-8.296389
8720,PT01046,Braga,PT,2017-09-28T04:00:00+00:00,2017-09-28T05:00:00+01:00,no2,55.7,µg/m³,41.449722,-8.296389
8720,PT01046,Braga,PT,2017-09-28T03:00:00+00:00,2017-09-28T04:00:00+01:00,no2,49.4,µg/m³,41.449722,-8.296389
8720,PT01046,Braga,PT,2017-09-28T03:00:00+00:00,2017-09-28T04:00:00+01:00,pm10,26,µg/m³,41.449722,-8.296389
8720,PT01046,Braga,PT,2017-09-28T02:00:00+00:00,2017-09-28T03:00:00+01:00,no2,47,µg/m³,41.449722,-8.296389
8720,PT01046,Braga,PT,2017-09-28T02:00:00+00:00,2017-09-28T03:00:00+01:00,pm10,32.8,µg/m³,41.449722,-8.296389
8720,PT01046,Braga,PT,2017-09-28T01:00:00+00:00,2017-09-28T02:00:00+01:00,pm10,33,µg/m³,41.449722,-8.296389
8720,PT01046,Braga,PT,2017-09-28T01:00:00+00:00,2017-09-28T02:00:00+01:00,no2,57.8,µg/m³,41.449722,-8.296389
8720,PT01046,Braga,PT,2017-09-28T00:00:00+00:00,2017-09-28T01:00:00+01:00,pm10,33,µg/m³,41.449722,-8.296389
8720,PT01046,Braga,PT,2017-09-28T00:00:00+00:00,2017-09-28T01:00:00+01:00,no2,76.5,µg/m³,41.449722,-8.296389
8720,PT01046,Braga,PT,2017-09-27T23:00:00+00:00,2017-09-28T00:00:00+01:00,no2,86.2,µg/m³,41.449722,-8.296389
8720,PT01046,Braga,PT,2017-09-27T23:00:00+00:00,2017-09-28T00:00:00+01:00,pm10,33,µg/m³,41.449722,-8.296389
8720,PT01046,Braga,PT,2017-09-27T09:00:00+00:00,2017-09-27T10:00:00+01:00,no2,259.9,µg/m³,41.449722,-8.296389
8720,PT01046,Braga,PT,2017-09-27T09:00:00+00:00,2017-09-27T10:00:00+01:00,pm10,11.8,µg/m³,41.449722,-8.296389
8720,PT01046,Braga,PT,2017-09-27T08:00:00+00:00,2017-09-27T09:00:00+01:00,pm10,11.8,µg/m³,41.449722,-8.296389
8720,PT01046,Braga,PT,2017-09-27T08:00:00+00:00,2017-09-27T09:00:00+01:00,no2,205.2,µg/m³,41.449722,-8.296389
8720,PT01046,Braga,PT,2017-09-27T07:00:00+00:00,2017-09-27T08:00:00+01:00,pm10,11.8,µg/m³,41.449722,-8.296389
8720,PT01046,Braga,PT,2017-09-27T06:00:00+00:00,2017-09-27T07:00:00+01:00,pm10,14.1,µg/m³,41.449722,-8.296389
8720,PT01046,Braga,PT,2017-09-27T06:00:00+00:00,2017-09-27T07:00:00+01:00,no2,63.2,µg/m³,41.449722,-8.296389
8720,PT01046,Braga,PT,2017-09-27T05:00:00+00:00,2017-09-27T06:00:00+01:00,no2,45.2,µg/m³,41.449722,-8.296389
8720,PT01046,Braga,PT,2017-09-27T05:00:00+00:00,2017-09-27T06:00:00+01:00,pm10,14.2,µg/m³,41.449722,-8.296389
8720,PT01046,Braga,PT,2017-09-27T04:00:00+00:00,2017-09-27T05:00:00+01:00,no2,50.6,µg/m³,41.449722,-8.296389
8720,PT01046,Braga,PT,2017-09-27T04:00:00+00:00,2017-09-27T05:00:00+01:00,pm10,17.6,µg/m³,41.449722,-8.296389
8720,PT01046,Braga,PT,2017-09-27T03:00:00+00:00,2017-09-27T04:00:00+01:00,no2,57.1,µg/m³,41.449722,-8.296389
8720,PT01046,Braga,PT,2017-09-27T03:00:00+00:00,2017-09-27T04:00:00+01:00,pm10,17.7,µg/m³,41.449722,-8.296389
8720,PT01046,Braga,PT,2017-09-27T02:00:00+00:00,2017-09-27T03:00:00+01:00,no2,62.7,µg/m³,41.449722,-8.296389
8720,PT01046,Braga,PT,2017-09-27T02:00:00+00:00,2017-09-27T03:00:00+01:00,pm10,17.7,µg/m³,41.449722,-8.296389
8720,PT01046,Braga,PT,2017-09-27T01:00:00+00:00,2017-09-27T02:00:00+01:00,pm10,17.7,µg/m³,41.449722,-8.296389
8720,PT01046,Braga,PT,2017-09-27T01:00:00+00:00,2017-09-27T02:00:00+01:00,no2,68.9,µg/m³,41.449722,-8.296389
8720,PT01046,Braga,PT,2017-09-26T23:00:00+00:00,2017-09-27T00:00:00+01:00,no2,93.6,µg/m³,41.449722,-8.296389
8720,PT01046,Braga,PT,2017-09-26T09:00:00+00:00,2017-09-26T10:00:00+01:00,pm10,9.4,µg/m³,41.449722,-8.296389
8720,PT01046,Braga,PT,2017-09-26T09:00:00+00:00,2017-09-26T10:00:00+01:00,no2,133.5,µg/m³,41.449722,-8.296389
8720,PT01046,Braga,PT,2017-09-26T08:00:00+00:00,2017-09-26T09:00:00+01:00,no2,101.4,µg/m³,41.449722,-8.296389
8720,PT01046,Braga,PT,2017-09-26T08:00:00+00:00,2017-09-26T09:00:00+01:00,pm10,9.4,µg/m³,41.449722,-8.296389
8720,PT01046,Braga,PT,2017-09-26T07:00:00+00:00,2017-09-26T08:00:00+01:00,pm10,9.4,µg/m³,41.449722,-8.296389
8720,PT01046,Braga,PT,2017-09-26T07:00:00+00:00,2017-09-26T08:00:00+01:00,no2,61.4,µg/m³,41.449722,-8.296389
8720,PT01046,Braga,PT,2017-09-26T06:00:00+00:00,2017-09-26T07:00:00+01:00,pm10,8.3,µg/m³,41.449722,-8.296389
8720,PT01046,Braga,PT,2017-09-26T06:00:00+00:00,2017-09-26T07:00:00+01:00,no2,42.1,µg/m³,41.449722,-8.296389
8720,PT01046,Braga,PT,2017-09-26T05:00:00+00:00,2017-09-26T06:00:00+01:00,no2,37.5,µg/m³,41.449722,-8.296389
8720,PT01046,Braga,PT,2017-09-26T05:00:00+00:00,2017-09-26T06:00:00+01:00,pm10,8.3,µg/m³,41.449722,-8.296389
8720,PT01046,Braga,PT,2017-09-26T04:00:00+00:00,2017-09-26T05:00:00+01:00,pm10,12.9,µg/m³,41.449722,-8.296389
8720,PT01046,Braga,PT,2017-09-26T04:00:00+00:00,2017-09-26T05:00:00+01:00,no2,32.6,µg/m³,41.449722,-8.296389
8720,PT01046,Braga,PT,2017-09-26T03:00:00+00:00,2017-09-26T04:00:00+01:00,pm10,13,µg/m³,41.449722,-8.296389
8720,PT01046,Braga,PT,2017-09-26T03:00:00+00:00,2017-09-26T04:00:00+01:00,no2,34.4,µg/m³,41.449722,-8.296389
8720,PT01046,Braga,PT,2017-09-26T02:00:00+00:00,2017-09-26T03:00:00+01:00,no2,38.4,µg/m³,41.449722,-8.296389
8720,PT01046,Braga,PT,2017-09-26T02:00:00+00:00,2017-09-26T03:00:00+01:00,pm10,18.7,µg/m³,41.449722,-8.296389
8720,PT01046,Braga,PT,2017-09-26T01:00:00+00:00,2017-09-26T02:00:00+01:00,no2,44.1,µg/m³,41.449722,-8.296389
8720,PT01046,Braga,PT,2017-09-26T01:00:00+00:00,2017-09-26T02:00:00+01:00,pm10,18.9,µg/m³,41.449722,-8.296389
8720,PT01046,Braga,PT,2017-09-26T00:00:00+00:00,2017-09-26T01:00:00+01:00,no2,51.9,µg/m³,41.449722,-8.296389
8720,PT01046,Braga,PT,2017-09-26T00:00:00+00:00,2017-09-26T01:00:00+01:00,pm10,18.9,µg/m³,41.449722,-8.296389
8720,PT01046,Braga,PT,2017-09-25T23:00:00+00:00,2017-09-26T00:00:00+01:00,pm10,18.9,µg/m³,41.449722,-8.296389
8720,PT01046,Braga,PT,2017-09-25T23:00:00+00:00,2017-09-26T00:00:00+01:00,no2,55.2,µg/m³,41.449722,-8.296389
8720,PT01046,Braga,PT,2017-09-25T09:00:00+00:00,2017-09-25T10:00:00+01:00,pm10,8.3,µg/m³,41.449722,-8.296389
8720,PT01046,Braga,PT,2017-09-25T09:00:00+00:00,2017-09-25T10:00:00+01:00,no2,57.5,µg/m³,41.449722,-8.296389
8720,PT01046,Braga,PT,2017-09-25T08:00:00+00:00,2017-09-25T09:00:00+01:00,pm10,8.3,µg/m³,41.449722,-8.296389
8720,PT01046,Braga,PT,2017-09-25T08:00:00+00:00,2017-09-25T09:00:00+01:00,no2,44.7,µg/m³,41.449722,-8.296389
8720,PT01046,Braga,PT,2017-09-25T07:00:00+00:00,2017-09-25T08:00:00+01:00,no2,34.5,µg/m³,41.449722,-8.296389
8720,PT01046,Braga,PT,2017-09-25T07:00:00+00:00,2017-09-25T08:00:00+01:00,pm10,8.3,µg/m³,41.449722,-8.296389
8720,PT01046,Braga,PT,2017-09-25T06:00:00+00:00,2017-09-25T07:00:00+01:00,no2,29.9,µg/m³,41.449722,-8.296389
8720,PT01046,Braga,PT,2017-09-25T06:00:00+00:00,2017-09-25T07:00:00+01:00,pm10,11.7,µg/m³,41.449722,-8.296389
8720,PT01046,Braga,PT,2017-09-25T05:00:00+00:00,2017-09-25T06:00:00+01:00,pm10,11.8,µg/m³,41.449722,-8.296389
8720,PT01046,Braga,PT,2017-09-25T05:00:00+00:00,2017-09-25T06:00:00+01:00,no2,28.2,µg/m³,41.449722,-8.296389
8720,PT01046,Braga,PT,2017-09-25T04:00:00+00:00,2017-09-25T05:00:00+01:00,pm10,9.5,µg/m³,41.449722,-8.296389
8720,PT01046,Braga,PT,2017-09-25T04:00:00+00:00,2017-09-25T05:00:00+01:00,no2,28.8,µg/m³,41.449722,-8.296389
8720,PT01046,Braga,PT,2017-09-25T03:00:00+00:00,2017-09-25T04:00:00+01:00,pm10,9.4,µg/m³,41.449722,-8.296389
8720,PT01046,Braga,PT,2017-09-25T03:00:00+00:00,2017-09-25T04:00:00+01:00,no2,27.8,µg/m³,41.449722,-8.296389
8720,PT01046,Braga,PT,2017-09-25T02:00:00+00:00,2017-09-25T03:00:00+01:00,pm10,10.6,µg/m³,41.449722,-8.296389
8720,PT01046,Braga,PT,2017-09-25T02:00:00+00:00,2017-09-25T03:00:00+01:00,no2,29.1,µg/m³,41.449722,-8.296389
8720,PT01046,Braga,PT,2017-09-25T01:00:00+00:00,2017-09-25T02:00:00+01:00,no2,28.9,µg/m³,41.449722,-8.296389
8720,PT01046,Braga,PT,2017-09-25T01:00:00+00:00,2017-09-25T02:00:00+01:00,pm10,10.6,µg/m³,41.449722,-8.296389
8720,PT01046,Braga,PT,2017-09-25T00:00:00+00:00,2017-09-25T01:00:00+01:00,no2,30.6,µg/m³,41.449722,-8.296389
8720,PT01046,Braga,PT,2017-09-25T00:00:00+00:00,2017-09-25T01:00:00+01:00,pm10,10.6,µg/m³,41.449722,-8.296389
8720,PT01046,Braga,PT,2017-09-24T23:00:00+00:00,2017-09-25T00:00:00+01:00,pm10,10.6,µg/m³,41.449722,-8.296389
8720,PT01046,Braga,PT,2017-09-24T23:00:00+00:00,2017-09-25T00:00:00+01:00,no2,41.6,µg/m³,41.449722,-8.296389
