date, pm25, pm10, o3, no2, so2
2023/4/3, 9, , , , 
2023/1/3, 10, 2, , 4, 
2023/1/4, 6, 8, , 5, 
2023/1/5, 15, 13, , 7, 
2023/1/6, 21, 10, , 8, 
2023/1/7, 20, 1, , 2, 
2023/1/8, 16, 1, , , 
2023/1/9, 9, 5, , 4, 
2023/1/10, 12, 2, , 3, 
2023/1/11, 14, , , , 
2023/1/13, 9, 7, , 4, 
2023/1/14, 11, 11, , 5, 
2023/1/15, 14, 7, , 3, 
2023/1/16, 14, 8, , 4, 
2023/1/17, 8, 15, , 1, 
2023/1/18, 7, 3, , 7, 
2023/1/19, 15, 6, 11, 5, 
2023/1/20, 12, 8, 10, 4, 
2023/1/21, 15, 1, 10, 2, 
2023/1/22, 8, 2, 13, 1, 
2023/1/23, 7, 2, 13, 4, 
2023/1/24, 6, 5, 12, 3, 
2023/1/25, 7, 8, 11, 4, 
2023/1/26, 8, 9, 15, 5, 
2023/1/27, 8, 11, 12, 4, 
2023/1/28, 13, 6, 14, 4, 
2023/1/29, 7, 7, 15, 2, 
2023/1/30, 10, 9, 16, 2, 
2023/1/31, 9, , , , 
2023/2/2, 6, 12, 13, 1, 
2023/2/3, 19, , , , 
2023/2/7, 23, 5, 19, 3, 
2023/2/8, 17, 2, 9, 5, 
2023/2/9, 14, 2, 15, 2, 
2023/2/10, 15, 2, 13, 2, 
2023/2/11, 10, 3, 21, 2, 
2023/2/12, 11, 4, 12, 3, 
2023/2/13, 14, , , , 
2023/2/16, 27, 12, 12, 6, 
2023/2/17, 23, 9, 12, 3, 
2023/2/18, 18, 4, 17, 1, 
2023/2/19, 23, , , , 
2023/2/23, 37, 18, 14, 2, 
2023/2/24, 21, , , , 
2023/2/28, 12, 12, 19, 5, 
2023/3/1, 11, 11, 20, 4, 
2023/3/2, 14, 11, 16, 4, 
2023/3/3, 15, 448, 23, 2, 
2023/3/4, 13, , , , 
2023/3/16, 13, 28, 20, 3, 
2023/3/17, 11, 198, 11, 2, 
2023/3/18, 16, , , , 
2023/3/20, 8, 12, 23, 2, 
2023/3/21, 11, 14, 18, 2, 
2023/3/22, 9, 11, 18, 2, 
2023/3/23, 12, 17, 12, 3, 3
2023/3/24, 9, 12, 6, 3, 
2023/3/25, 8, 7, 5, 2, 
2023/3/26, 6, 6, 27, 3, 
2023/3/27, 12, 19, 23, 5, 
2023/3/28, 13, 23, 30, 3, 
2023/3/29, 13, 33, 25, 4, 
2023/3/30, 19, 20, 18, 3, 
2023/3/31, 12, , , , 
2022/10/1, 8, 6, 24, 1, 
2022/10/2, 8, 33, 27, 3, 
2022/10/3, 17, 52, 28, 9, 
2022/10/4, 27, 53, 29, 6, 
2022/10/5, 31, 49, 26, 4, 
2022/10/6, 31, 32, 26, 4, 
2022/10/7, 22, 43, 29, 4, 
2022/10/8, 31, 45, 27, 2, 
2022/10/9, 27, 52, 20, 4, 
2022/10/10, 31, 25, 21, 4, 
2022/10/11, 20, 35, 25, 5, 
2022/10/12, 26, 26, 25, 3, 
2022/10/13, 19, 19, 25, 7, 
2022/10/14, 18, 22, 26, 5, 
2022/10/15, 21, 24, 20, 5, 
2022/10/16, 24, 26, 13, 4, 
2022/10/17, 24, 53, 19, 5, 
2022/10/18, 29, 39, 13, 1, 
2022/10/19, 16, 33, 18, 1, 
2022/10/20, 12, 25, 18, 2, 
2022/10/21, 14, 32, 18, 1, 
2022/10/22, 21, 27, 20, 3, 
2022/10/23, 21, 24, 16, 4, 
2022/10/24, 17, 18, 15, 5, 
2022/10/25, 12, 22, 13, 8, 
2022/10/26, 18, 39, 17, 5, 
2022/10/27, 30, 34, 21, 4, 
2022/10/28, 26, 41, 23, 3, 
2022/10/29, 26, 28, 20, 3, 
2022/10/31, 22, 38, 16, 7, 
2022/11/1, 32, 13, 17, 3, 
2022/11/2, 10, 11, 20, 4, 
2022/11/3, 13, 14, 21, 4, 
2022/11/4, 14, 16, 14, 3, 
2022/11/5, 15, 12, 18, 4, 
2022/11/6, 13, 12, 19, 5, 
2022/11/7, 15, 12, 18, 3, 
2022/11/8, 11, 12, 16, 2, 
2022/11/9, 9, 12, 14, 4, 
2022/11/10, 10, 11, 17, 7, 
2022/11/11, 16, 12, 18, 5, 
2022/11/12, 11, 22, 20, 4, 
2022/11/13, 19, 24, 20, 3, 
2022/11/14, 21, 22, 17, 5, 
2022/11/15, 16, 14, 20, 1, 
2022/11/16, 10, 13, 17, 1, 
2022/11/17, 7, 13, 17, 1, 
2022/11/18, 6, 12, 17, 1, 
2022/11/19, 10, 9, 23, 3, 
2022/11/20, 11, 12, 21, 4, 
2022/11/21, 9, 13, 15, 3, 
2022/11/22, 14, 21, 23, 3, 
2022/11/23, 17, 18, 20, 1, 
2022/11/24, 10, 19, 15, 3, 
2022/11/25, 14, 15, 16, 6, 
2022/11/26, 11, 9, 19, 2, 
2022/11/27, 10, 12, 20, 3, 
2022/11/28, 13, 13, 19, 3, 
2022/11/29, 10, 11, 19, 6, 
2022/11/30, 8, 15, 20, 4, 
2022/12/1, 12, 7, 15, 2, 
2022/12/2, 10, 10, 18, 3, 
2022/12/3, 14, 13, 14, 5, 
2022/12/4, 17, 9, 20, 2, 
2022/12/5, 12, 189, 19, 6, 
2022/12/6, 12, 3, 12, 7, 
2022/12/7, 13, 17, 16, 3, 
2022/12/8, 16, 27, 18, , 
2022/12/9, 11, 24, 22, 1, 
2022/12/10, 14, 14, 18, 2, 
2022/12/11, 10, 37, 19, , 
2022/12/12, 15, 35, 13, 1, 
2022/12/13, 14, 40, 7, 1, 
2022/12/14, 15, , , , 
2022/12/16, 10, 16, 8, 4, 
2022/12/17, 9, 19, 6, 8, 
2022/12/18, 13, 18, 5, 3, 
2022/12/19, 13, 29, 9, 3, 
2022/12/20, 14, 42, 10, 2, 
2022/12/21, 14, 17, 8, 6, 
2022/12/22, 9, 17, 5, 7, 
2022/12/23, 13, 23, 8, 7, 
2022/12/24, 18, 16, 11, 2, 
2022/12/25, 13, 39, 12, 1, 
2022/12/26, 14, 26, 7, 3, 
2022/12/27, 14, 13, 7, 4, 
2022/12/28, 12, 13, 8, 6, 
2022/12/29, 12, 18, 13, 6, 
2022/12/30, 13, 20, 9, 7, 
2022/12/31, 18, 17, 7, 4, 
2023/1/1, 25, 22, 2, 2, 
2023/1/2, 25, 13, , 2, 
2022/7/1, 15, 27, 27, 1, 
2022/7/2, 18, 32, 23, 1, 
2022/7/3, 16, 18, 21, 2, 
2022/7/4, 14, 22, 24, 3, 
2022/7/5, 23, 24, 25, 2, 
2022/7/6, 24, 24, 33, 4, 
2022/7/7, 29, 29, 32, 2, 
2022/7/8, 29, 23, 32, 3, 
2022/7/9, 20, 18, 33, 4, 
2022/7/10, 18, 20, 36, 3, 
2022/7/11, 17, 31, 30, 1, 
2022/7/12, 19, 20, 26, , 
2022/7/13, 11, 18, 35, 3, 
2022/7/14, 17, 24, 30, 2, 
2022/7/15, 24, 23, 32, 2, 
2022/7/16, 28, 20, 23, 2, 
2022/7/17, 27, 22, 22, 2, 
2022/7/18, 22, 14, 24, 2, 
2022/7/19, 15, 18, 31, 2, 
2022/7/20, 15, 23, 30, 2, 
2022/7/21, 22, 27, 29, 5, 
2022/7/22, 27, 21, 35, 7, 
2022/7/23, 20, 23, 28, 5, 
2022/7/24, 21, 22, 29, 3, 
2022/7/25, 22, 18, 23, 2, 
2022/7/26, 17, 17, 26, 2, 3
2022/7/27, 15, 18, 20, 2, 
2022/7/28, 12, 11, 23, 2, 
2022/7/29, 10, 21, 30, 4, 
2022/7/30, 21, 23, 26, 2, 
2022/7/31, 24, 22, 29, 4, 
2022/8/1, 20, 23, 28, 2, 
2022/8/2, 22, 23, 28, 4, 
2022/8/3, 22, 21, 29, 2, 
2022/8/4, 21, 21, 28, 2, 
2022/8/5, 23, 26, 25, 2, 
2022/8/6, 26, 25, 29, 2, 
2022/8/7, 21, 14, 29, 2, 
2022/8/8, 18, 13, 26, 2, 
2022/8/9, 15, 17, 25, 1, 
2022/8/10, 19, 16, 22, 2, 
2022/8/11, 17, 20, 19, 3, 
2022/8/12, 18, 25, 25, 5, 
2022/8/13, 21, 14, 26, 2, 
2022/8/14, 16, 13, 35, 1, 
2022/8/15, 17, 15, 23, 2, 
2022/8/16, 18, 15, 26, 1, 
2022/8/17, 14, 21, 29, 3, 
2022/8/18, 20, 20, 18, 5, 
2022/8/19, 14, , , , 
2022/8/22, 23, 26, 27, 2, 
2022/8/23, 26, 21, 22, 1, 
2022/8/24, 18, 11, 18, 2, 
2022/8/25, 16, 13, 24, 4, 
2022/8/26, 17, 21, 25, 2, 
2022/8/27, 18, 22, 19, 1, 
2022/8/28, 17, 14, 18, 2, 
2022/8/29, 14, 16, 23, 4, 
2022/8/30, 16, 13, 20, 3, 
2022/8/31, 11, 13, 21, 3, 
2022/9/1, 14, 8, 21, 2, 
2022/9/2, 12, 8, 25, 2, 
2022/9/3, 6, 10, 22, 2, 
2022/9/4, 12, 8, 18, 2, 
2022/9/5, 9, 9, 24, 2, 
2022/9/6, 9, 12, 21, 2, 
2022/9/7, 11, 11, 14, 2, 
2022/9/8, 11, 14, 16, 3, 
2022/9/9, 12, 14, 21, 5, 
2022/9/10, 13, 15, 24, 2, 
2022/9/11, 16, 15, 10, 2, 
2022/9/12, 10, 36, 16, 1, 
2022/9/13, 12, 28, 15, 2, 
2022/9/14, 11, 16, 17, 3, 
2022/9/15, 9, 9, 20, 2, 
2022/9/16, 13, 11, 22, 3, 
2022/9/17, 16, 14, 20, 2, 
2022/9/18, 16, , , , 
2022/9/20, 16, 22, 22, 3, 
2022/9/21, 17, 19, 25, 4, 
2022/9/22, 19, 22, 26, 6, 
2022/9/23, 18, 11, 24, 2, 
2022/9/24, 10, 12, 24, 2, 
2022/9/25, 12, 10, 26, 4, 
2022/9/26, 9, 13, 27, 3, 
2022/9/27, 15, 14, 24, 3, 
2022/9/28, 9, 11, 22, 2, 
2022/9/29, 12, 10, 22, 2, 
2022/9/30, 10, 9, 28, 2, 
2022/4/1, 8, 7, 32, 1, 
2022/4/2, 9, 6, 33, 1, 
2022/4/3, 7, 10, 26, 1, 
2022/4/4, 7, 6, 27, 2, 
2022/4/5, 10, 5, 31, 2, 
2022/4/6, 10, 7, 27, 2, 
2022/4/7, 8, 5, 25, 2, 
2022/4/8, 9, 8, 25, 1, 
2022/4/9, 9, 17, 24, 4, 
2022/4/10, 15, 20, 23, , 
2022/4/11, 8, 12, 28, 1, 
2022/4/12, 11, 8, 26, 1, 
2022/4/13, 9, 7, 26, 2, 
2022/4/14, 11, 8, 27, 2, 
2022/4/15, 15, 15, 34, 3, 
2022/4/16, 16, 17, 28, 2, 
2022/4/17, 16, 19, 28, 2, 
2022/4/18, 18, 15, 33, 1, 
2022/4/19, 12, 12, 34, 1, 
2022/4/20, 7, 9, 33, 1, 
2022/4/21, 9, 11, 33, , 
2022/4/22, 7, , , , 
2022/4/26, 9, 8, 29, 2, 
2022/4/27, 11, 9, 31, 1, 
2022/4/28, 11, 12, 20, 2, 6
2022/4/29, 11, 13, 30, 2, 
2022/4/30, 16, 23, 32, 3, 
2022/5/1, 15, 14, 30, 1, 
2022/5/2, 12, 13, 29, 2, 
2022/5/3, 13, 10, 23, 2, 
2022/5/4, 13, 12, 30, 3, 
2022/5/5, 20, 13, 29, 3, 
2022/5/6, 14, 11, 30, 4, 
2022/5/7, 16, 13, 27, 2, 
2022/5/8, 16, 14, 36, 4, 
2022/5/9, 18, 17, 34, 3, 
2022/5/10, 16, 17, 33, 2, 
2022/5/11, 14, 28, 33, 2, 
2022/5/12, 19, 25, 34, 3, 
2022/5/13, 15, 29, 27, 1, 
2022/5/14, 26, 21, 22, , 
2022/5/15, 13, 14, 19, 1, 
2022/5/16, 10, 9, 15, 2, 
2022/5/17, 10, 10, 21, 2, 
2022/5/18, 9, 19, 32, 3, 
2022/5/19, 17, 34, 33, 3, 
2022/5/20, 24, , , , 
2022/5/23, 16, 13, 27, 2, 
2022/5/24, 10, 13, 29, 2, 
2022/5/25, 9, 15, 32, 2, 
2022/5/26, 11, 17, 35, 2, 
2022/5/27, 14, 36, 29, 2, 
2022/5/28, 17, 14, 30, , 
2022/5/29, 12, 14, 23, 1, 
2022/5/30, 11, 11, 20, 1, 
2022/5/31, 9, 18, 19, 1, 
2022/6/1, 9, 22, 20, 1, 
2022/6/2, 8, 13, 21, 1, 
2022/6/3, 9, 12, 23, 1, 
2022/6/4, 11, 7, 22, 1, 
2022/6/5, 8, 6, 22, 2, 
2022/6/6, 9, 11, 24, 1, 
2022/6/7, 12, 10, 13, 1, 
2022/6/8, 9, 10, 18, 3, 
2022/6/9, 9, 23, 30, 3, 
2022/6/10, 22, 24, 26, 1, 
2022/6/11, 20, 27, 31, 1, 
2022/6/12, 15, 38, 32, 2, 
2022/6/13, 22, 38, 22, 1, 
2022/6/14, 20, 42, 28, 1, 
2022/6/15, 22, 17, 17, 1, 
2022/6/16, 12, 9, 19, 2, 
2022/6/17, 9, 9, 22, 1, 
2022/6/18, 9, 10, 21, , 
2022/6/19, 8, 7, 22, 1, 
2022/6/20, 5, 10, 23, 1, 
2022/6/21, 6, 10, 22, , 
2022/6/22, 7, 11, 20, 1, 
2022/6/23, 8, 6, 22, 1, 
2022/6/24, 10, 3, 28, 1, 
2022/6/25, 7, 9, 26, 1, 
2022/6/26, 10, 12, 24, 1, 
2022/6/27, 13, 13, 27, 2, 
2022/6/28, 12, 12, 23, 2, 
2022/6/29, 11, 9, 23, 1, 
2022/6/30, 9, 13, 27, 2, 
2022/1/4, 31, 17, 26, 3, 
2022/1/5, 18, 11, 26, 3, 
2022/1/6, 9, 11, 21, 6, 
2022/1/7, 15, 9, 17, 3, 
2022/1/8, 13, 5, 24, 3, 
2022/1/9, 12, 8, 25, 4, 
2022/1/10, 13, 7, 15, 6, 
2022/1/11, 16, 7, 17, 4, 
2022/1/12, 13, 11, 29, 3, 
2022/1/13, 11, 16, 30, 2, 
2022/1/14, 12, 13, 25, 2, 
2022/1/15, 12, , , , 
2022/1/17, 24, 18, 25, 4, 
2022/1/18, 19, 18, 25, 3, 
2022/1/19, 17, 21, 26, 7, 
2022/1/20, 25, 27, 25, 9, 
2022/1/21, 36, 20, 26, 5, 
2022/1/22, 27, 15, 30, 2, 
2022/1/23, 19, 16, 26, 2, 
2022/1/24, 13, 20, 22, 3, 
2022/1/25, 18, 12, 24, 3, 
2022/1/26, 13, 19, 23, 3, 
2022/1/27, 14, 25, 24, 3, 
2022/1/28, 16, 20, 22, 2, 
2022/1/29, 15, 28, 30, 1, 
2022/1/30, 16, 19, 26, 3, 
2022/1/31, 19, 26, 24, 6, 
2022/2/1, 23, 19, 26, 8, 
2022/2/2, 22, 16, 29, 8, 
2022/2/3, 18, 16, 15, 12, 
2022/2/4, 18, 22, 16, 10, 
2022/2/5, 25, 15, 16, 7, 
2022/2/6, 21, 22, 27, 2, 
2022/2/7, 23, 23, 26, 4, 
2022/2/8, 26, 20, 25, 3, 
2022/2/9, 17, 21, 27, 3, 
2022/2/10, 15, 21, 23, 3, 
2022/2/11, 19, 25, 26, 4, 
2022/2/12, 20, 31, 31, 3, 
2022/2/13, 20, 22, 30, 1, 
2022/2/14, 19, 8, 27, 3, 
2022/2/15, 10, 10, 27, 3, 
2022/2/16, 10, 9, 28, 3, 
2022/2/17, 11, 7, 20, 4, 
2022/2/18, 16, 8, 16, 4, 
2022/2/19, 18, 8, 26, 1, 
2022/2/20, 9, 7, 20, 1, 
2022/2/21, 7, 11, 29, 6, 
2022/2/22, 11, 16, 29, 4, 
2022/2/23, 15, 16, 31, 3, 
2022/2/24, 11, 38, 22, 4, 
2022/2/25, 21, 24, 23, 4, 
2022/2/26, 17, 25, 21, 3, 
2022/2/27, 20, 21, 25, 3, 
2022/2/28, 19, 22, 27, 5, 
2022/3/1, 19, 20, 30, 2, 
2022/3/2, 16, 10, 27, 3, 
2022/3/3, 10, 9, 30, 2, 
2022/3/4, 7, 5, 29, 2, 
2022/3/5, 5, 7, 31, 2, 
2022/3/6, 8, 4, 29, 1, 
2022/3/7, 8, 6, 34, 2, 
2022/3/8, 11, 8, 29, 2, 
2022/3/9, 10, 16, 28, 3, 
2022/3/10, 13, 14, 31, 3, 
2022/3/11, 11, 13, 26, 2, 
2022/3/12, 15, 15, 28, 2, 
2022/3/13, 12, 8, 29, 2, 
2022/3/14, 11, 7, 27, 3, 
2022/3/15, 10, 3, 24, 2, 
2022/3/16, 11, 93, 14, 7, 
2022/3/17, 61, 84, 19, 3, 
2022/3/18, 47, 11, 25, 3, 
2022/3/19, 10, 24, 31, 1, 
2022/3/20, 18, 31, 31, , 
2022/3/21, 21, 16, 28, , 
2022/3/22, 8, 21, 30, 3, 
2022/3/23, 15, 16, 22, 3, 
2022/3/24, 9, 5, 27, 3, 
2022/3/25, 10, 64, 29, 1, 
2022/3/26, 46, 85, 28, 1, 
2022/3/27, 37, 65, 28, 2, 
2022/3/28, 43, 57, 24, 2, 
2022/3/29, 33, 31, 36, 1, 
2022/3/30, 24, 15, 32, 1, 
2022/3/31, 10, 6, 32, 2, 
2021/10/1, 27, 13, 21, 3, 
2021/10/2, 13, 7, 23, 1, 
2021/10/3, 8, 9, 24, 3, 
2021/10/4, 9, 9, 22, 2, 
2021/10/5, 9, 9, 24, 4, 
2021/10/6, 14, 14, 32, 5, 
2021/10/7, 12, 19, 30, 5, 
2021/10/8, 13, 18, 28, 3, 
2021/10/9, 15, 14, 31, 2, 
2021/10/10, 14, 18, 30, 2, 
2021/10/11, 11, 22, 29, 2, 
2021/10/12, 15, 34, 13, 4, 
2021/10/13, 18, 19, 29, 5, 
2021/10/14, 16, 20, 32, 5, 
2021/10/15, 16, 17, 31, 10, 
2021/10/16, 21, 22, 30, 8, 
2021/10/17, 24, 15, 26, 6, 
2021/10/18, 17, 23, 31, 4, 
2021/10/19, 19, 22, 31, 4, 
2021/10/20, 20, 15, 26, 3, 
2021/10/21, 12, 13, 24, 5, 
2021/10/22, 9, 17, 28, 4, 
2021/10/23, 13, 16, 28, 3, 
2021/10/24, 16, 16, 30, 4, 
2021/10/25, 14, 16, 30, 5, 
2021/10/26, 13, 19, 29, 5, 
2021/10/27, 16, 19, 29, 3, 
2021/10/28, 11, 18, 26, 1, 
2021/10/29, 12, 23, 18, , 
2021/10/30, 11, 22, 13, 1, 
2021/11/1, 10, 16, 16, 1, 
2021/11/2, 8, 3, 23, 2, 
2021/11/3, 8, 5, 29, 2, 
2021/11/4, 8, 8, 25, 4, 
2021/11/5, 7, 6, 24, 3, 
2021/11/6, 7, 4, 24, 1, 
2021/11/7, 8, 5, 27, 3, 
2021/11/8, 8, 10, 25, 8, 
2021/11/9, 12, 10, 12, 8, 
2021/11/10, 11, 18, 19, 6, 
2021/11/11, 18, 20, 23, 7, 
2021/11/12, 23, 22, 28, 7, 
2021/11/13, 28, 19, 29, 5, 
2021/11/14, 20, 15, 31, 4, 
2021/11/15, 19, 20, 25, 9, 
2021/11/16, 16, 16, 21, 5, 
2021/11/17, 12, 20, 24, 4, 
2021/11/18, 11, 22, 25, 2, 
2021/11/19, 15, 32, 25, 2, 
2021/11/20, 12, 30, 22, 2, 
2021/11/21, 13, 10, 23, 3, 
2021/11/22, 14, 13, 23, 3, 
2021/11/23, 13, 10, 21, 4, 
2021/11/24, 8, 11, 21, 5, 
2021/11/25, 11, 12, 23, 5, 
2021/11/26, 13, 8, 16, 4, 
2021/11/27, 16, 7, 26, 3, 
2021/11/28, 9, 9, 25, 2, 
2021/11/29, 6, 9, 24, 4, 
2021/11/30, 12, 8, 26, 7, 
2021/12/1, 11, 9, 27, 3, 
2021/12/2, 11, 7, 22, 3, 
2021/12/3, 8, 10, 21, 7, 
2021/12/4, 11, 10, 23, 2, 
2021/12/5, 14, 10, 27, 2, 
2021/12/6, 13, 13, 25, 8, 
2021/12/7, 13, 11, 23, 4, 
2021/12/8, 13, 9, 27, 2, 
2021/12/9, 10, 14, 25, 4, 
2021/12/10, 12, 13, 22, 3, 
2021/12/11, 10, 9, 24, 6, 
2021/12/12, 14, 11, 23, 3, 
2021/12/13, 14, 25, 23, 3, 
2021/12/14, 15, 21, 22, 4, 
2021/12/15, 16, 17, 24, 4, 
2021/12/16, 13, 17, 31, 2, 
2021/12/17, 10, 24, 25, 4, 
2021/12/18, 16, 22, 24, 2, 
2021/12/19, 15, 26, 25, 1, 
2021/12/20, 12, 52, 21, 2, 
2021/12/21, 26, 42, 21, 3, 
2021/12/22, 23, 34, 20, 1, 
2021/12/23, 9, 20, 16, 1, 
2021/12/24, 9, 18, 22, 1, 
2021/12/25, 12, 19, 25, , 
2021/12/26, 13, 23, 18, 1, 
2021/12/27, 11, 16, 19, 1, 
2021/12/28, 8, 15, 20, 1, 
2021/12/29, 6, 10, 11, 3, 
2021/12/30, 14, 13, 13, 4, 
2021/12/31, 22, 19, 21, 4, 
2022/1/1, 24, 14, 18, 3, 
2022/1/2, 18, 24, 16, 3, 
2022/1/3, 28, 24, 17, 6, 
2021/7/1, 14, 10, 15, 2, 
2021/7/2, 10, 8, 8, 1, 
2021/7/3, 11, 8, 12, , 
2021/7/4, 12, 11, 14, 1, 
2021/7/5, 11, 8, 17, 1, 
2021/7/6, 10, 9, 10, 1, 
2021/7/7, 6, 16, 13, 1, 
2021/7/8, 14, 24, 19, 3, 
2021/7/9, 25, 30, 17, 2, 
2021/7/10, 22, 36, 12, 1, 
2021/7/11, 21, 18, 15, 1, 
2021/7/12, 13, 16, 15, 1, 
2021/7/13, 11, 19, 25, 1, 
2021/7/14, 15, 22, 20, 2, 
2021/7/15, 20, 22, 16, 2, 
2021/7/16, 17, 18, 18, 2, 
2021/7/17, 13, 18, 17, 1, 
2021/7/18, 16, 19, 14, 2, 
2021/7/19, 17, 21, 14, 1, 
2021/7/20, 18, 22, 30, 3, 
2021/7/21, 18, 38, 31, 3, 
2021/7/22, 27, 19, 24, 2, 
2021/7/23, 14, 13, 27, 1, 
2021/7/24, 9, 9, 18, , 
2021/7/25, 10, 6, 26, 1, 
2021/7/26, 9, 15, 30, 2, 
2021/7/27, 13, 13, 28, 2, 
2021/7/28, 13, 22, 32, 2, 
2021/7/29, 18, 17, 27, 2, 
2021/7/30, 15, 15, 24, 1, 
2021/7/31, 13, 11, 24, 1, 
2021/8/1, 12, 9, 12, 1, 
2021/8/2, 9, 10, 30, 2, 
2021/8/3, 14, 11, 22, 1, 
2021/8/4, 10, 11, 30, 2, 
2021/8/5, 14, 15, 27, 1, 
2021/8/6, 15, 10, 23, 1, 
2021/8/7, 12, 10, 22, 1, 
2021/8/8, 10, 11, 27, 3, 
2021/8/9, 12, 17, 34, 3, 
2021/8/10, 16, 21, 29, 3, 
2021/8/11, 14, 20, 30, 3, 
2021/8/12, 16, 27, 30, 6, 
2021/8/13, 22, 42, 34, 5, 
2021/8/14, 31, 41, 35, 4, 
2021/8/15, 28, 18, 35, 3, 
2021/8/16, 19, 23, 28, 3, 
2021/8/17, 16, 32, 24, 2, 
2021/8/18, 31, 21, 35, 4, 
2021/8/19, 18, 22, 33, 4, 
2021/8/20, 15, 13, 21, 2, 
2021/8/21, 14, 14, 24, 3, 
2021/8/22, 13, 21, 32, 3, 
2021/8/23, 20, 37, 28, 1, 
2021/8/24, 20, 21, 30, , 
2021/8/25, 20, 20, 26, 2, 
2021/8/26, 18, 19, 26, 2, 
2021/8/27, 16, 10, 18, 1, 
2021/8/28, 15, 6, 22, 1, 
2021/8/29, 11, 6, 21, 1, 
2021/8/30, 8, 8, 23, 2, 
2021/8/31, 7, 9, 19, 2, 
2021/9/1, 9, 10, 23, 2, 
2021/9/2, 8, 9, 26, 3, 
2021/9/3, 7, 13, 31, 3, 
2021/9/4, 14, 19, 29, 2, 
2021/9/5, 17, 25, 31, 2, 
2021/9/6, 14, 17, 21, 1, 
2021/9/7, 34, 12, 22, 1, 
2021/9/8, 9, 7, 21, 1, 
2021/9/9, 8, 10, 21, 2, 
2021/9/10, 11, 10, 27, 3, 
2021/9/11, 12, 12, 21, 2, 
2021/9/12, 11, 18, 21, 2, 
2021/9/13, 16, 25, 22, 1, 
2021/9/14, 9, 13, 10, 3, 
2021/9/15, 8, 11, 27, 3, 
2021/9/16, 14, 16, 25, 4, 
2021/9/17, 12, 8, 19, 1, 
2021/9/18, 9, 12, 26, 2, 
2021/9/19, 9, 15, 30, 3, 
2021/9/20, 11, 15, 30, 3, 
2021/9/21, 16, 19, 20, 3, 
2021/9/22, 19, 15, 29, 2, 
2021/9/23, 10, 9, 33, 1, 
2021/9/24, 11, 11, 29, 1, 
2021/9/25, 12, 9, 24, 2, 
2021/9/26, 9, 8, 26, 2, 
2021/9/27, 12, 10, 27, 2, 
2021/9/28, 12, 12, 29, 4, 
2021/9/29, 8, 19, 28, 5, 
2021/9/30, 23, 26, 31, 5, 
2021/4/1, 18, 27, 22, , 
2021/4/2, 23, 32, 25, 1, 
2021/4/3, 24, 23, 27, 1, 
2021/4/4, 22, 33, 27, 2, 
2021/4/5, 29, 31, 27, 3, 
2021/4/6, 35, 40, 31, 2, 
2021/4/7, 28, 39, 30, 1, 
2021/4/8, 26, 27, 31, 2, 
2021/4/9, 13, 18, 26, , 
2021/4/10, 17, 7, 25, , 
2021/4/11, 12, 8, 25, 1, 
2021/4/21, 4, 10, 25, 1, 
2021/4/22, 12, 18, 31, 1, 
2021/4/23, 15, 28, 33, 1, 
2021/4/24, 19, 19, 28, , 
2021/4/25, 13, 14, 22, , 
2021/4/26, 8, 8, 28, 1, 
2021/4/27, 10, 10, 34, 1, 
2021/4/28, 11, 12, 34, 1, 
2021/4/29, 12, 7, 36, 1, 
2021/4/30, 7, 6, 31, 1, 
2021/5/1, 6, 5, 31, , 
2021/5/2, 6, 11, 36, 2, 
2021/5/3, 13, 20, 34, 1, 
2021/5/4, 16, 12, 33, 1, 
2021/5/5, 14, 11, 27, 1, 
2021/5/6, 13, , , , 
2021/5/8, 11, 9, 28, , 
2021/5/9, 10, 12, 30, 1, 
2021/5/10, 7, 9, 30, 1, 
2021/5/11, 9, 11, 27, 1, 
2021/5/12, 10, 13, 23, 1, 
2021/5/13, 13, 10, 26, 1, 
2021/5/14, 11, 9, 23, 1, 
2021/5/15, 8, 8, 12, , 
2021/5/16, 11, 9, 29, 2, 
2021/5/17, 10, 11, 21, 1, 
2021/5/18, 9, 10, 29, 1, 
2021/5/19, 10, 17, 30, 1, 
2021/5/20, 15, 17, 32, 1, 
2021/5/21, 15, 10, 27, 1, 
2021/5/22, 8, 10, 29, 1, 
2021/5/23, 8, 11, 30, 1, 
2021/5/24, 11, 15, 29, 2, 
2021/5/25, 19, 18, 32, 3, 
2021/5/26, 13, 23, 30, 2, 
2021/5/27, 14, 23, 30, 4, 
2021/5/28, 19, , , , 
2021/6/3, 9, 11, 27, 1, 
2021/6/4, 9, , , , 
2021/6/6, 17, 17, 32, 2, 
2021/6/7, 16, 18, 15, 3, 
2021/6/8, 14, 20, 36, 2, 
2021/6/9, 18, 16, 22, 2, 
2021/6/10, 15, , , , 
2021/6/12, 16, 15, 20, , 
2021/6/13, 14, 9, 16, 1, 
2021/6/14, 13, 21, 5, 2, 
2021/6/15, 24, 15, 11, 1, 
2021/6/16, 15, 10, 16, , 
2021/6/17, 11, 6, 18, 1, 
2021/6/18, 6, 8, 17, 1, 
2021/6/19, 11, 8, 10, 1, 
2021/6/20, 12, 12, 15, 1, 
2021/6/21, 10, 11, 21, 1, 
2021/6/22, 14, 12, 19, 1, 
2021/6/23, 12, 17, 16, 2, 
2021/6/24, 18, 18, 5, 3, 
2021/6/25, 14, 16, 14, 2, 
2021/6/26, 14, 12, 12, 1, 
2021/6/27, 13, 9, 18, 1, 
2021/6/28, 14, 16, 16, 1, 
2021/6/29, 12, 16, 15, 1, 
2021/6/30, 16, 17, 18, 2, 
2021/1/5, 17, 8, 14, 3, 
2021/1/6, 14, 6, 14, 3, 
2021/1/7, 10, 6, 16, 4, 
2021/1/8, 13, 6, 14, 2, 
2021/1/9, 5, 4, 23, 3, 
2021/1/10, 11, 5, 15, 2, 
2021/1/11, 18, 4, 16, 2, 
2021/1/12, 18, 9, 16, 6, 
2021/1/13, 25, 9, 20, 7, 
2021/1/14, 19, 19, 12, 9, 
2021/1/15, 43, 15, 22, 6, 
2021/1/16, 27, 14, 20, 4, 
2021/1/17, 19, 13, 21, 4, 
2021/1/18, 27, 16, 18, 7, 
2021/1/19, 26, 19, 26, 3, 
2021/1/20, 36, 17, 24, , 
2021/1/21, 14, 24, 21, , 
2021/1/22, 19, 18, 23, , 
2021/1/23, 9, , , , 
2021/1/25, 4, 13, 17, , 
2021/1/26, 12, 18, 13, , 
2021/1/27, 13, 14, 10, 2, 
2021/1/28, 10, 11, 9, 3, 
2021/1/29, 13, 10, 11, 1, 
2021/1/30, 15, 13, 23, , 
2021/1/31, 13, 20, 23, , 
2021/2/1, 15, 15, 18, 1, 
2021/2/2, 10, 11, 14, 1, 
2021/2/3, 9, 32, 19, , 
2021/2/4, 8, 5, 17, 1, 
2021/2/5, 7, 13, 12, 2, 
2021/2/6, 8, 21, 23, 1, 
2021/2/7, 11, 17, 23, , 
2021/2/8, 12, 22, 23, , 
2021/2/9, 12, 28, 23, , 
2021/2/10, 14, 38, 22, , 
2021/2/11, 13, 21, 16, 2, 
2021/2/12, 9, 14, 24, 2, 
2021/2/13, 11, 46, 21, 2, 
2021/2/14, 15, 12, 24, 1, 
2021/2/15, 19, 19, 22, 1, 
2021/2/16, 17, 30, 17, 3, 
2021/2/17, 21, 21, 24, 3, 
2021/2/18, 21, 41, 22, 4, 
2021/2/19, 28, 42, 23, 2, 
2021/2/20, 25, 42, 25, 1, 
2021/2/21, 39, 17, 25, 1, 
2021/2/22, 11, 9, 25, 2, 
2021/2/23, 9, 10, 26, 2, 
2021/2/24, 11, 29, 22, 1, 
2021/2/25, 19, 54, 20, 2, 
2021/2/26, 33, 21, 18, 2, 
2021/2/27, 16, 25, 21, 2, 
2021/2/28, 21, 32, 21, 1, 
2021/3/1, 31, 27, 15, 3, 
2021/3/2, 31, 33, 24, 2, 
2021/3/3, 34, 52, 22, 2, 
2021/3/4, 40, 48, 24, 1, 
2021/3/5, 40, 23, 22, 1, 
2021/3/6, 11, 20, 21, 1, 
2021/3/7, 26, 22, 21, 1, 
2021/3/8, 26, 19, 25, 2, 
2021/3/9, 18, 15, 23, 2, 
2021/3/10, 18, 12, 25, 3, 
2021/3/11, 17, 13, 27, 2, 
2021/3/12, 17, 6, 19, 2, 
2021/3/13, 10, 6, 22, 1, 
2021/3/14, 11, 8, 22, 1, 
2021/3/15, 12, 8, 32, 1, 
2021/3/16, 11, 18, 32, 3, 
2021/3/17, 20, 18, 30, 3, 
2021/3/18, 19, 14, 27, 2, 
2021/3/19, 13, 13, 25, 2, 
2021/3/20, 16, 10, 25, 1, 
2021/3/21, 12, 7, 29, 1, 
2021/3/22, 12, 9, 29, 2, 
2021/3/23, 13, 14, 30, 3, 
2021/3/24, 19, 16, 29, 1, 
2021/3/25, 17, 16, 24, 3, 
2021/3/26, 15, 20, 23, 3, 
2021/3/27, 22, 23, 24, 2, 
2021/3/28, 21, 29, 23, 1, 
2021/3/29, 22, 44, 28, 2, 
2021/3/30, 27, 45, 28, 1, 
2021/3/31, 30, 37, 25, , 
2020/10/1, 11, 8, 22, , 
2020/10/2, 9, 13, 25, , 
2020/10/3, 12, 6, 24, , 
2020/10/4, 7, 11, 20, , 
2020/10/5, 13, 8, 20, , 
2020/10/6, 11, 6, 20, , 
2020/10/7, 13, 12, 13, , 
2020/10/8, 14, 14, 30, , 
2020/10/9, 16, 12, 26, , 
2020/10/10, 19, 12, 25, , 
2020/10/11, 18, 14, 27, , 
2020/10/12, 15, 8, 31, , 
2020/10/13, 15, 8, 23, , 
2020/10/14, 13, 9, 25, , 
2020/10/15, 12, 10, 27, , 
2020/10/16, 12, 9, 30, 4, 
2020/10/17, 14, 11, 22, 3, 
2020/10/18, 15, 23, 28, 2, 
2020/10/19, 21, 14, 21, 1, 
2020/10/20, 11, 17, 21, 2, 
2020/10/21, 10, 7, 21, 3, 
2020/10/22, 9, 18, 20, 4, 
2020/10/23, 9, 12, 15, 6, 
2020/10/24, 11, 6, 22, 2, 
2020/10/26, 13, 10, 21, 4, 
2020/10/27, 11, 7, 22, 4, 
2020/10/28, 11, 7, 20, 6, 
2020/10/29, 12, 22, 18, 8, 
2020/10/30, 17, 26, 19, 9, 
2020/10/31, 34, 14, 23, 6, 
2020/11/1, 22, 7, 16, 2, 
2020/11/2, 15, 5, 13, 3, 
2020/11/3, 12, 9, 15, 3, 
2020/11/4, 15, 9, 18, 3, 
2020/11/5, 16, 41, 19, 2, 
2020/11/6, 12, 24, 19, 2, 
2020/11/7, 16, 12, 22, 1, 
2020/11/8, 9, 6, 22, 2, 
2020/11/9, 6, 7, 19, 3, 
2020/11/10, 9, 7, 16, 4, 
2020/11/11, 11, 10, 19, 4, 
2020/11/12, 17, 12, 20, 3, 
2020/11/13, 18, 16, 19, 5, 
2020/11/14, 20, 13, 15, 2, 
2020/11/15, 11, 14, 11, 3, 
2020/11/16, 15, 19, 15, 4, 
2020/11/17, 24, 20, 10, 5, 
2020/11/18, 28, 18, 14, 3, 
2020/11/19, 29, 39, 14, 4, 
2020/11/20, 27, 17, 15, 5, 
2020/11/21, 24, 16, 22, 2, 
2020/11/22, 20, 11, 21, 1, 
2020/11/23, 13, 11, 21, 3, 
2020/11/24, 13, 10, 25, 3, 
2020/11/25, 18, 12, 17, 3, 
2020/11/26, 11, 8, 17, 2, 
2020/11/27, 7, 7, 14, 4, 
2020/11/28, 11, 13, 17, 3, 
2020/11/29, 13, 8, 18, 1, 
2020/11/30, 10, 9, 14, 2, 
2020/12/1, 14, 15, 15, 4, 
2020/12/2, 18, 21, 12, 6, 
2020/12/3, 15, 15, 16, 3, 
2020/12/4, 13, 13, 23, 2, 
2020/12/5, 15, 4, 18, 3, 
2020/12/6, 11, 11, 16, 3, 
2020/12/7, 19, 14, 20, 2, 
2020/12/8, 21, 13, 23, 1, 
2020/12/9, 11, 13, 16, 4, 
2020/12/10, 12, 15, 17, 1, 
2020/12/11, 11, 10, 17, 1, 
2020/12/12, 6, 10, 13, 2, 
2020/12/13, 10, 9, 8, 3, 
2020/12/14, 13, 17, 15, 3, 
2020/12/15, 16, 16, 20, 4, 
2020/12/16, 15, 12, 23, , 
2020/12/17, 8, 10, 13, 5, 
2020/12/18, 13, 20, 13, 7, 
2020/12/19, 15, 16, 17, 3, 
2020/12/20, 17, 12, 14, 4, 
2020/12/21, 14, 13, 12, 7, 
2020/12/22, 20, 16, 11, 4, 
2020/12/23, 19, 17, 15, 6, 
2020/12/24, 22, 10, 14, 3, 
2020/12/25, 15, 7, 15, 1, 
2020/12/26, 12, 2, 18, 1, 
2020/12/27, 8, , , , 
2021/1/1, 22, 8, 19, 2, 
2021/1/2, 15, 6, 15, 2, 
2021/1/3, 19, 6, 15, 3, 
2021/1/4, 19, 9, 17, 6, 
2020/7/1, 59, 8, 30, 1, 
2020/7/2, 57, 10, 32, 1, 
2020/7/3, 51, 16, 43, 3, 
2020/7/4, 62, 22, 34, 1, 
2020/7/5, 63, 12, , 2, 
2020/7/6, 63, 16, , 3, 
2020/7/7, 72, 17, 12, 3, 
2020/7/8, 67, , , , 
2020/7/10, 52, 20, 33, 2, 
2020/7/11, 58, 19, 28, 1, 
2020/7/12, 49, 17, 40, 1, 
2020/7/13, 48, 15, 38, 1, 
2020/7/14, 49, 21, 32, 2, 
2020/7/15, 49, 18, 36, 2, 
2020/7/19, 39, 17, 29, 3, 
2020/7/20, 51, 23, 26, 1, 
2020/7/21, 52, 20, 34, 1, 
2020/7/22, 51, 19, 37, 2, 
2020/7/23, 48, 19, 33, 2, 
2020/7/24, 50, 12, 28, 2, 
2020/7/25, 32, 10, 28, 1, 
2020/7/26, 31, 19, 24, 2, 
2020/7/27, 48, 9, 21, 2, 
2020/7/28, 27, 10, 27, 2, 
2020/7/29, 38, 14, 29, 2, 
2020/7/30, 43, 12, 16, 3, 
2020/7/31, 51, 15, , , 
2020/8/15, 10, 7, 21, 1, 
2020/8/16, 10, 7, 15, 1, 
2020/8/17, 9, 9, 15, 2, 
2020/8/18, 13, 10, 15, 2, 
2020/8/19, 16, 13, 12, 2, 
2020/8/20, 11, 7, 13, 3, 
2020/8/21, 10, 8, 27, 3, 
2020/8/22, 13, 10, 29, 2, 
2020/8/23, 16, 8, 30, 2, 
2020/8/24, 14, 13, 26, 3, 
2020/8/25, 17, 14, 20, 11, 
2020/8/26, 17, 12, 25, 6, 
2020/8/27, 14, , , , 
2020/9/8, 48, 18, 32, 2, 
2020/9/9, 24, 17, 20, 4, 
2020/9/10, 21, 18, 29, 3, 
2020/9/11, 21, 15, 37, 2, 
2020/9/12, 21, 17, 32, 1, 
2020/9/13, 19, 15, 26, 2, 
2020/9/14, 17, 5, 16, 1, 
2020/9/15, 8, 6, 9, 4, 
2020/9/16, 8, 5, 15, 2, 
2020/9/17, 7, 12, 23, 1, 
2020/9/18, 11, 9, 21, 1, 
2020/9/19, 12, 9, 20, 2, 
2020/9/20, 12, 8, 28, 3, 
2020/9/21, 13, 9, 26, 2, 
2020/9/22, 15, 6, 11, 2, 
2020/9/23, 10, 12, 14, 3, 
2020/9/24, 14, 10, 24, 2, 
2020/9/25, 13, 8, 23, 1, 
2020/9/26, 10, 6, 23, 1, 
2020/9/27, 10, 9, 29, 2, 
2020/9/28, 12, 10, 34, , 
2020/9/29, 17, 15, 31, , 
2020/9/30, 17, 7, 24, , 
2020/4/1, 21, 6, 33, 1, 
2020/4/2, 8, 8, 40, 3, 
2020/4/3, 18, 22, 39, 1, 
2020/4/4, 41, 20, 31, 1, 
2020/4/5, 27, 57, 34, 1, 
2020/4/6, 20, 22, 28, 1, 
2020/4/9, 35, , , , 
2020/4/11, 29, , , , 
2020/4/13, 23, 10, 34, , 
2020/4/14, 10, 12, 39, , 
2020/4/15, 18, 25, 36, , 
2020/4/16, 26, 15, 34, , 
2020/4/17, 18, 12, 33, 1, 
2020/4/18, 18, 11, 36, , 
2020/4/19, 17, 11, 40, , 
2020/4/20, 24, 14, 39, , 
2020/4/21, 15, 23, 38, 1, 
2020/4/22, 28, 10, 38, 1, 
2020/4/23, 29, 10, 40, 1, 
2020/4/24, 28, 16, 42, , 
2020/4/25, 38, 11, 42, , 
2020/4/26, 26, 9, 36, , 
2020/4/27, 14, 8, 37, , 
2020/4/28, 14, 5, 34, , 
2020/4/29, 16, 11, 36, , 
2020/4/30, 19, 7, 26, , 
2020/5/1, 14, 5, 21, , 
2020/5/2, 18, 8, 21, 1, 
2020/5/6, 25, 14, 40, 1, 
2020/5/7, 33, 15, 37, , 
2020/5/8, 37, 9, 35, , 
2020/5/9, 21, 11, 32, , 
2020/5/10, 23, 14, 35, , 
2020/5/11, 24, 9, 44, , 
2020/5/12, 17, 6, 39, , 
2020/5/13, 12, 7, 37, , 
2020/5/14, 14, 8, 32, 1, 
2020/5/15, 16, 6, 23, , 
2020/5/16, 9, 9, 35, 2, 
2020/5/17, 27, 10, 42, 1, 
2020/5/18, 30, 12, 45, 2, 
2020/5/19, 42, 20, 43, 1, 
2020/5/20, 38, 14, 41, 2, 
2020/5/21, 43, 17, 42, 1, 
2020/5/22, 42, 11, 37, 1, 
2020/5/23, 35, 31, 45, , 
2020/5/24, 31, 169, 45, 1, 
2020/5/25, 28, 14, 42, 2, 
2020/5/26, 31, 16, 43, 2, 
2020/5/31, 58, 20, 37, , 
2020/6/1, 59, 13, 33, , 
2020/6/2, 49, 7, 27, , 
2020/6/3, 38, 6, 26, , 
2020/6/4, 41, 8, 39, 1, 
2020/6/5, 54, 9, 36, , 
2020/6/6, 51, 9, 25, , 
2020/6/7, 46, 12, 35, 1, 
2020/6/8, 54, 8, 39, 1, 
2020/6/9, 55, 9, 38, 1, 
2020/6/10, 54, 8, 31, , 
2020/6/11, 53, 7, 31, , 
2020/6/12, 48, 8, 21, 1, 
2020/6/13, 47, 6, 33, , 
2020/6/14, 50, 7, 28, 1, 
2020/6/16, 53, 7, 24, , 
2020/6/17, 47, 7, 31, 1, 
2020/6/18, 49, 8, 29, 1, 
2020/6/19, 48, 8, 33, 1, 
2020/6/20, 51, 5, 23, , 
2020/6/21, 55, 18, 46, 2, 
2020/6/22, 61, 18, 38, 4, 
2020/6/23, 63, 19, 33, 1, 
2020/6/24, 62, 20, 34, 1, 
2020/6/25, 64, 10, 29, 1, 
2020/6/26, 56, 6, 22, , 
2020/6/27, 47, 4, 24, , 
2020/6/28, 53, 8, 18, , 
2020/6/29, 55, 10, 39, 2, 
2020/6/30, 60, 11, 26, 2, 
2020/1/2, 45, , 25, 5, 
2020/1/3, 47, , 28, 4, 
2020/1/4, 52, , 27, 2, 
2020/1/5, 39, , 25, 3, 
2020/1/6, 55, , 24, 7, 
2020/1/7, 56, , 23, 11, 
2020/1/8, 62, , 24, 10, 
2020/1/9, 40, , 20, 5, 
2020/1/10, 24, , 27, 5, 
2020/1/11, 35, , 27, 5, 
2020/1/12, 39, , 29, 5, 
2020/1/13, 36, , 33, 9, 
2020/1/14, 40, , 37, 4, 
2020/1/15, 39, , 35, 2, 
2020/1/16, 28, , 34, 4, 
2020/1/17, 25, , 24, 8, 
2020/1/18, 36, , 28, 3, 
2020/1/19, 32, , 27, 1, 
2020/1/20, 16, , 26, 2, 
2020/1/21, 15, , 25, 3, 
2020/1/22, 12, , 17, 5, 
2020/1/23, 21, , 26, 4, 
2020/1/24, 25, , 27, 6, 
2020/1/25, 24, , 30, 4, 
2020/1/26, 21, , 33, 5, 
2020/1/27, 26, , 18, 9, 
2020/1/28, 45, , 28, 8, 
2020/1/29, 36, , 27, 6, 
2020/1/30, 35, , 32, 4, 
2020/1/31, 31, , 31, 3, 
2020/2/1, 46, , 28, 5, 
2020/2/2, 45, , 28, 5, 
2020/2/3, 46, , 19, 9, 
2020/2/4, 39, , , 2, 
2020/2/5, 24, , , 5, 
2020/2/6, 51, 515, 31, 2, 
2020/2/7, 36, 187, 33, 4, 
2020/2/8, 36, 69, 38, 4, 
2020/2/9, 43, 44, 31, 3, 
2020/2/10, 22, 52, 30, 3, 
2020/2/11, 27, 53, 25, 4, 
2020/2/12, 37, 153, 26, 3, 
2020/2/13, 24, 139, 26, 5, 
2020/2/14, 17, 53, 24, 6, 
2020/2/15, 23, , 32, 5, 
2020/2/19, 38, , 27, 6, 
2020/2/20, 38, , 31, 4, 
2020/2/21, 36, , 34, 4, 
2020/2/22, 36, , 38, 2, 
2020/2/23, 38, , 38, 2, 
2020/2/24, 36, , 39, 6, 
2020/2/25, 33, , 31, 3, 
2020/2/26, 34, , 34, 3, 
2020/2/27, 20, , 32, 3, 
2020/2/28, 23, , 33, 7, 
2020/2/29, 72, , 28, 2, 
2020/3/1, 38, , 31, 2, 
2020/3/2, 32, , 35, 1, 
2020/3/3, 32, , 31, 3, 
2020/3/4, 26, , 28, 4, 
2020/3/5, 31, , 34, 3, 
2020/3/6, 29, , 34, 3, 
2020/3/7, 30, , 35, 3, 
2020/3/8, 30, , 34, 2, 
2020/3/9, 21, , 32, 3, 
2020/3/10, 23, , 33, 8, 
2020/3/11, 37, , 35, 5, 
2020/3/12, 43, 46, 41, 2, 
2020/3/13, 42, 28, 36, 3, 
2020/3/14, 45, 22, 32, 4, 
2020/3/15, 48, 29, 41, 2, 
2020/3/16, 48, 22, 35, 1, 
2020/3/17, 26, 11, 30, 2, 
2020/3/18, 10, 39, 32, 2, 
2020/3/19, 54, 63, 31, 2, 
2020/3/20, 73, 36, 29, 3, 
2020/3/21, 43, 15, 36, 1, 
2020/3/22, 16, 7, 29, 1, 
2020/3/23, 24, 10, 32, 2, 
2020/3/24, 29, 8, 31, 1, 
2020/3/25, 20, 17, 38, 3, 
2020/3/26, 32, 13, 34, 1, 
2020/3/27, 37, 14, 42, 1, 
2020/3/28, 32, 11, 40, 1, 
2020/3/29, 45, 20, 36, 4, 
2020/3/30, 24, 7, 34, , 
2020/3/31, 19, 11, 37, 1, 
2019/10/1, 43, 12, 25, 4, 
2019/10/2, 29, 14, 27, 4, 
2019/10/3, 27, 14, 16, 5, 
2019/10/4, 27, 13, 25, 3, 
2019/10/5, 24, 13, 26, 4, 
2019/10/6, 27, 13, 24, 10, 
2019/10/7, 26, 16, 35, 6, 
2019/10/8, 41, 21, 21, 6, 
2019/10/9, 53, 17, 31, 5, 
2019/10/10, 35, 20, 25, 3, 
2019/10/11, 42, 29, 29, 2, 
2019/10/12, 47, 23, 22, 1, 
2019/10/13, 41, 14, 23, 3, 
2019/10/14, 23, 10, 23, 4, 
2019/10/15, 13, 8, 30, 3, 
2019/10/16, 13, 11, 30, 4, 
2019/10/17, 19, 13, 30, 3, 
2019/10/18, 23, 10, 27, 3, 
2019/10/19, 19, 11, 30, 4, 
2019/10/20, 14, 9, 32, 5, 
2019/10/21, 17, 10, 33, 4, 
2019/10/22, 23, 11, 38, 5, 
2019/10/23, 23, 14, 33, 8, 
2019/10/24, 21, 11, 31, 6, 
2019/10/25, 27, 15, 32, 9, 
2019/10/26, 33, 20, 35, 7, 
2019/10/28, 49, 20, 31, 3, 
2019/10/29, 46, 23, 26, 3, 
2019/10/30, 38, , 22, 4, 
2019/11/1, 37, 28, 19, 2, 
2019/11/2, 28, 38, 28, 1, 
2019/11/3, 42, 55, 30, 1, 
2019/11/4, 28, 40, 34, 1, 
2019/11/5, 16, 37, 28, 3, 
2019/11/6, 17, 18, 27, 3, 
2019/11/7, 23, 25, 29, 3, 
2019/11/8, 19, 18, 27, 4, 
2019/11/9, 20, 12, 29, 4, 
2019/11/10, 21, 12, 30, 1, 
2019/11/11, 21, 13, 25, 3, 
2019/11/12, 23, 13, 28, 4, 
2019/11/13, 31, 24, 22, 3, 
2019/11/14, 39, 13, 27, 3, 
2019/11/15, 27, 14, 26, 1, 
2019/11/19, 18, 9, 28, 7, 
2019/11/20, 23, 11, 31, 4, 
2019/11/21, 26, , , , 
2019/11/26, 23, 54, 20, 2, 
2019/11/27, 22, 36, 25, 5, 
2019/11/28, 25, 27, 26, 7, 
2019/11/29, 26, 24, 23, 7, 
2019/11/30, 33, 20, 24, 7, 
2019/12/1, 25, 13, 30, 3, 
2019/12/2, 17, 5, 23, 2, 
2019/12/3, 13, 5, 20, 4, 
2019/12/20, 80, , 29, , 
2019/12/21, 37, , 24, , 
2019/12/22, 36, , 27, 5, 
2019/12/23, 35, , 16, 8, 
2019/12/24, 38, , 27, 3, 
2019/12/25, 32, , 22, 6, 
2019/12/26, 38, , 17, 7, 
2019/12/27, 39, , 22, 2, 
2019/12/28, 28, , 23, 3, 
2019/12/29, 42, , 27, 2, 
2019/12/30, 39, , , , 
2019/7/1, 52, 15, 36, 3, 
2019/7/2, 58, 14, 37, 2, 
2019/7/3, 54, 14, 35, 2, 
2019/7/4, 55, 13, 33, 2, 
2019/7/5, 53, 11, 34, 2, 
2019/7/6, 56, 11, 38, 3, 
2019/7/7, 51, 12, 34, 2, 
2019/7/8, 56, 12, 38, 2, 
2019/7/9, 56, 17, 47, 4, 
2019/7/10, 56, 19, 51, 5, 
2019/7/11, 55, 31, 34, 4, 
2019/7/12, 67, 22, 43, 4, 
2019/7/13, 56, 14, 26, 2, 
2019/7/14, 49, 15, 34, 2, 
2019/7/15, 56, 20, 33, 2, 
2019/7/16, 61, 21, 37, 2, 
2019/7/17, 63, 19, 33, 2, 
2019/7/18, 58, 18, 48, 7, 
2019/7/19, 58, 25, 30, 4, 
2019/7/20, 70, 14, 33, 3, 
2019/7/21, 64, 20, 43, 3, 
2019/7/22, 68, 33, 36, 3, 
2019/7/23, 61, 25, 36, 4, 
2019/7/24, 68, 19, 24, 3, 
2019/7/25, 68, 13, 28, 3, 
2019/7/26, 58, 16, 18, 2, 
2019/7/27, 58, 14, 25, 3, 
2019/7/28, 57, 11, 27, 2, 
2019/7/29, 57, 10, 30, 2, 
2019/7/30, 59, 13, 39, 3, 
2019/7/31, 61, 19, 35, 6, 
2019/8/1, 63, 17, 31, 4, 
2019/8/2, 64, 16, 32, 5, 
2019/8/3, 61, 13, 23, 3, 
2019/8/4, 60, 10, 28, 4, 
2019/8/5, 57, 11, 26, 4, 
2019/8/6, 55, 12, 17, 3, 
2019/8/7, 60, 11, 13, 3, 
2019/8/8, 61, 12, 14, 3, 
2019/8/9, 60, 11, 27, 2, 
2019/8/10, 57, 14, 29, 1, 
2019/8/11, 58, 9, 28, 3, 
2019/8/12, 58, 20, 36, 3, 
2019/8/13, 55, 17, 34, 4, 
2019/9/23, 134, 16, 18, 4, 
2019/9/24, 151, 13, 18, 3, 
2019/9/30, 44, 17, 18, 4, 
2019/6/12, 38, 11, 46, 2, 
2019/6/13, 49, 16, 42, 2, 
2019/6/14, 53, 12, 39, 2, 
2019/6/15, 67, 11, 36, 2, 
2019/6/16, 55, 9, 40, 3, 
2019/6/17, 58, 10, 40, 2, 
2019/6/18, 53, 9, 27, 1, 
2019/6/19, 54, 13, 27, 2, 
2019/6/20, 52, 11, 33, 2, 
2019/6/21, 56, 15, 32, 2, 
2019/6/22, 57, 11, 37, 3, 
2019/6/23, 58, 9, 23, 4, 
2019/6/24, 53, 10, 28, 2, 
2019/6/25, 52, 8, 36, 3, 
2019/6/26, 51, 9, 28, 2, 
2019/6/27, 45, 6, 29, 3, 
2019/6/28, 53, 11, 43, 2, 
2019/6/29, 56, 17, 40, 1, 
2019/6/30, 57, 19, 37, 2, 
2019/1/2, 17, 9, 30, 5, 
2019/1/3, 12, 17, 23, 8, 
2019/1/4, 26, 22, 31, 7, 
2019/1/5, 31, 20, 31, 6, 
2019/1/6, 28, 17, 29, 8, 
2019/1/7, 23, 19, 30, 12, 
2019/1/8, 25, 21, 31, 13, 
2019/1/9, 30, 21, 28, 16, 
2019/1/10, 32, 19, 27, 11, 
2019/1/11, 30, 19, 31, 6, 
2019/1/12, 24, 14, 32, 4, 
2019/1/13, 29, 14, 35, 4, 
2019/1/14, 31, 16, 31, 13, 
2019/1/15, 33, 15, 33, 11, 
2019/1/16, 33, 21, 33, 9, 
2019/1/17, 32, 21, 29, 5, 
2019/1/18, 30, 16, 30, 6, 
2019/1/19, 27, 11, 29, 3, 
2019/1/20, 44, 12, 32, 2, 
2019/1/21, 22, 11, 28, 6, 
2019/1/22, 26, 11, 29, 5, 
2019/1/23, 30, 11, 32, 3, 
2019/1/24, 25, 9, 29, 4, 148
2019/1/25, 20, 9, 26, 7, 
2019/1/26, 19, 12, 28, 8, 
2019/1/27, 35, 12, 33, 4, 
2019/1/28, 40, 11, 33, 3, 
2019/1/29, 28, 9, 32, 4, 
2019/1/30, 16, 9, 30, 3, 
2019/1/31, 16, 9, 33, 1, 
2019/2/1, 15, 13, 36, 2, 
2019/2/2, 18, 16, 36, 4, 
2019/2/3, 19, 14, 32, 4, 
2019/2/4, 17, 8, 31, 6, 
2019/2/5, 15, 9, 36, 9, 
2019/2/6, 19, 14, 33, 11, 
2019/2/7, 20, 17, 37, 11, 
2019/2/8, 21, 16, 34, 9, 
2019/2/9, 19, 12, 36, 5, 
2019/2/10, 20, 12, 36, 4, 
2019/2/11, 21, 11, 33, 5, 
2019/2/12, 20, 11, 34, 8, 
2019/2/13, 20, 15, 40, 4, 
2019/2/14, 23, 18, 40, 3, 
2019/2/15, 20, 29, 35, 8, 
2019/2/16, 26, 26, 40, 4, 
2019/2/17, 19, 25, 35, 2, 
2019/2/18, 25, 28, 35, 4, 
2019/2/19, 29, 21, 37, 5, 
2019/2/20, 36, 25, 42, 6, 
2019/2/21, 50, 29, 40, 4, 
2019/2/22, 24, 34, 41, 5, 
2019/2/23, 25, 35, 39, 6, 
2019/2/24, 27, 46, 42, 6, 
2019/2/25, 35, 33, 46, 3, 
2019/2/26, 17, 24, 42, 3, 
2019/2/27, 14, 23, 40, 6, 
2019/2/28, 15, 25, 37, 6, 
2019/3/1, 17, 18, 38, 6, 
2019/3/2, 14, 14, 30, 4, 
2019/3/3, 16, 10, 32, 4, 
2019/3/4, 19, 11, 28, 2, 
2019/3/5, 17, 11, 28, 3, 
2019/3/6, 19, 13, 37, 2, 
2019/3/7, 15, 17, 39, 3, 
2019/3/8, 19, 13, 34, 4, 
2019/3/9, 18, 10, 39, 5, 
2019/3/10, 18, 11, 43, 4, 
2019/3/11, 20, 10, 26, 5, 
2019/3/12, 19, 14, 42, 5, 
2019/3/13, 21, 16, 35, 3, 
2019/3/14, 16, 8, 41, 4, 
2019/3/15, 16, 12, 43, 8, 
2019/3/16, 18, 14, 48, 8, 
2019/3/17, 28, 15, 36, 4, 
2019/3/18, 31, 17, 39, 3, 
2018/10/25, 48, 25, 36, 10, 
2018/10/26, 48, 22, 37, 6, 
2018/10/27, 30, 16, 32, 5, 
2018/10/29, 20, 16, 29, 4, 
2018/10/30, 20, 12, 32, 4, 
2018/10/31, 17, 12, 37, 3, 
2018/11/1, 13, 10, 28, 6, 
2018/11/2, 12, 6, 30, 3, 
2018/11/3, 20, 8, 27, 5, 
2018/11/4, 15, 8, 29, 4, 
2018/11/5, 20, 9, 31, 4, 
2018/11/6, 18, 9, 35, 3, 
2018/11/7, 19, 13, 34, 4, 
2018/11/8, 16, 11, 37, 3, 
2018/11/27, 34, 17, 31, 5, 
2018/11/28, 42, 20, 29, 10, 
2018/11/29, 46, 18, 25, 10, 
2018/11/30, 38, 18, 31, 5, 
2018/12/1, 26, 17, 30, 5, 
2018/12/2, 24, 17, 30, 5, 
2018/12/3, 29, 16, 30, 8, 
2018/12/4, 32, 13, 27, 11, 
2018/12/5, 42, 18, 23, 13, 
2018/12/6, 58, 25, 27, 11, 
2018/12/7, 55, 22, 27, 12, 
2018/12/8, 42, 16, 23, 12, 
2018/12/9, 38, 15, 29, 7, 
2018/12/10, 32, 13, 28, 9, 
2018/12/11, 39, 15, 25, 10, 
2018/12/12, 46, 18, 30, 5, 
2018/12/13, 49, 20, 31, 7, 
2018/12/14, 39, 22, 34, 4, 
2018/12/15, 34, 22, 31, 8, 
2018/12/16, 30, 19, 33, 9, 
2018/12/17, 28, 19, 32, 5, 
2018/12/18, 25, 14, 26, 8, 
2018/12/19, 27, 19, 28, 5, 
2018/12/20, 26, 12, 29, 8, 
2018/12/21, 28, 19, 28, 13, 
2018/12/22, 29, 16, 27, 6, 
2018/12/23, 29, 13, 27, 5, 
2018/12/24, 32, 12, 25, 5, 
2018/12/25, 31, 16, 25, 8, 
2018/12/26, 31, 18, 24, 4, 
2018/12/27, 36, 19, 25, 5, 
2018/12/28, 40, 19, 29, 9, 
2018/12/29, 36, 21, 29, 5, 
2018/12/30, 33, 15, 27, 4, 
2018/12/31, 28, 14, 32, 2, 
2018/7/1, 18, 13, 49, , 
2018/7/2, 32, 12, 42, 2, 
2018/7/3, 25, 12, 32, 2, 
2018/7/4, 25, 9, 38, 2, 
2018/7/5, 20, 10, 38, 3, 
2018/7/6, 22, 11, 38, 3, 
2018/7/7, 19, 9, 36, 3, 
2018/7/8, 24, 11, 41, 4, 
2018/7/9, 31, 14, 39, 3, 
2018/7/10, 46, 17, 41, 2, 
2018/7/11, 44, 19, 41, 2, 
2018/7/12, 46, 21, 34, 2, 
2018/7/13, 52, 17, 28, 2, 
2018/7/14, 39, 11, 34, 2, 
2018/7/15, 25, 14, 36, 3, 
2018/7/16, 29, 16, 41, 2, 
2018/7/17, 36, 15, 35, 4, 
2018/7/18, 37, 14, 37, 3, 
2018/7/19, 32, 14, 40, 3, 
2018/7/20, 29, 17, 39, 2, 
2018/7/21, 38, 16, 29, 3, 
2018/7/22, 35, 12, 38, 3, 
2018/7/23, 27, 13, 29, 3, 
2018/7/24, 25, 11, 37, 3, 
2018/7/25, 29, 13, 37, 3, 
2018/7/26, 36, 12, 24, 3, 
2018/7/27, 25, 10, 31, 2, 
2018/7/28, 20, 11, 32, 2, 
2018/7/29, 26, 13, 32, 3, 
2018/7/30, 28, 11, 28, 3, 
2018/7/31, 21, 13, 47, 3, 
2018/8/1, 24, 23, 46, 3, 
2018/8/2, 38, 25, 51, 6, 
2018/8/3, 44, 30, 45, 7, 
2018/8/4, 46, 32, 45, 4, 
2018/4/26, 7, 31, 43, , 
2018/4/27, 27, 21, 43, , 
2018/4/28, 17, 11, 44, 1, 
2018/4/29, 18, 9, 42, 1, 
2018/4/30, 26, 13, 41, 5, 
2018/5/1, 23, 8, 43, , 
2018/5/4, 45, 13, 45, 3, 
2018/5/5, 40, 17, 43, 4, 
2018/5/6, 40, , 48, 3, 
2018/5/7, 37, 23, 46, 3, 
2018/5/8, 56, 23, 49, 4, 
2018/5/9, 46, 19, 36, 2, 
2018/5/10, 44, 18, 42, 2, 
2018/5/11, 37, 20, 44, 2, 
2018/5/12, 34, 19, 41, 2, 
2018/5/13, 22, 11, 40, 1, 
2018/5/14, 22, 10, 34, 2, 
2018/5/15, 21, 13, 49, 4, 
2018/5/16, 34, 12, 49, 3, 
2018/5/17, 34, 20, 56, 2, 
2018/5/18, 36, 20, 54, 3, 
2018/5/19, 44, 13, 57, 2, 
2018/5/20, 43, 15, 52, 3, 
2018/5/21, 50, 18, 49, 1, 
2018/5/22, 35, 13, 49, 1, 
2018/5/23, 32, 10, 35, 2, 
2018/5/24, 25, 9, 36, 2, 
2018/5/25, 20, 6, 24, 2, 
2018/6/24, 61, 28, 40, 2, 
2018/6/25, 47, 19, 30, 2, 8
2018/6/26, 22, 11, 32, 2, 
2018/6/27, 16, 10, 31, 2, 
2018/6/28, 20, 8, 25, 3, 
2018/6/29, 22, 10, 31, 2, 
2018/6/30, 20, 10, 29, 1, 
2018/1/2, 43, 15, 33, 9, 
2018/1/3, 50, 15, 26, 11, 
2018/1/4, 51, 13, 22, 10, 
2018/1/5, 40, 8, 34, 3, 
2018/1/6, 23, 4, 33, 4, 
2018/1/7, 24, 8, 32, 4, 
2018/1/8, 35, 14, 25, 8, 
2018/1/9, 46, 11, 34, 6, 
2018/1/10, 52, 19, 30, 8, 
2018/1/11, 51, 18, 29, 8, 
2018/1/12, 46, 13, 32, 7, 
2018/1/13, 40, 16, 31, 2, 
2018/1/14, 53, 16, 33, 4, 
2018/1/15, 47, 8, 28, 5, 
2018/1/16, 25, 5, 27, 8, 
2018/1/17, 21, , , , 
2018/1/20, 47, 15, 30, 9, 
2018/1/21, 49, 13, 27, 8, 
2018/1/22, 45, 10, 23, 8, 
2018/1/23, 36, 14, 22, 9, 
2018/1/24, 41, 13, 20, 8, 
2018/1/25, 40, 16, 28, 7, 
2018/1/26, 53, 10, 29, 4, 
2018/1/27, 25, 8, 29, 3, 
2018/1/28, 27, 7, 30, 2, 
2018/1/29, 22, 13, 31, 3, 
2018/1/30, 30, 20, 29, 4, 
2018/1/31, 55, 18, 31, 6, 1
2018/2/1, 42, 17, 31, 6, 
2018/2/2, 46, 9, 31, 4, 1
2018/2/3, 28, 12, 33, 6, 
2018/2/4, 40, 7, 32, 3, 3
2018/2/5, 24, 10, 31, 5, 1
2018/2/6, 34, 10, 28, 6, 
2018/2/7, 41, 13, 28, 6, 
2018/2/8, 36, 22, 32, 6, 
2018/2/9, 32, 10, 28, 9, 
2018/2/10, 43, 12, 32, 4, 3
2018/2/11, 37, 9, 34, 3, 
2018/2/12, 38, 8, 32, 5, 
2018/2/13, 25, 9, 37, 4, 
2018/2/14, 32, 10, 36, 8, 1
2018/2/15, 34, 12, 36, 8, 1
2018/2/16, 44, 12, 33, 9, 
2018/2/17, 39, 11, 36, 5, 
2018/2/18, 35, 16, 32, 6, 1
2018/2/19, 48, 17, 35, 8, 
2018/2/20, 43, 10, 36, 6, 
2018/2/21, 32, 12, 34, 6, 
2018/2/22, 35, 10, 37, 5, 3
2018/2/23, 19, 14, 38, 8, 2
2018/2/24, 30, 22, 43, 6, 
2018/2/25, 63, 18, 42, 4, 3
2018/2/26, 52, 21, 34, 4, 2
2018/2/27, 48, 21, 38, 1, 
2018/2/28, 40, 30, 39, 1, 
2018/3/1, 44, 29, 45, 1, 
2018/3/2, 44, 34, 39, 1, 
2018/3/3, 57, 35, 41, 1, 
2018/3/4, 55, 12, 42, 1, 
2018/3/5, 25, 20, 41, 2, 
2018/3/6, 30, 19, 39, 4, 
2018/3/7, 43, 10, 38, 4, 
2018/3/8, 30, 73, 32, 1, 
2018/3/9, 57, 63, 28, 1, 
2018/3/10, 56, 30, 41, , 
2018/3/11, 42, 22, 40, 1, 
2018/3/12, 32, 20, 40, 4, 
2018/3/13, 42, 15, 31, 2, 
2018/3/14, 44, 24, 35, 1, 
2018/3/15, 51, 21, 41, 2, 
2018/3/16, 19, 12, 39, 4, 
2018/3/17, 32, 20, 40, 1, 
2018/3/18, 54, 17, 39, 2, 
2018/3/19, 33, 15, 38, 3, 
2018/3/20, 41, 13, 37, 4, 
2018/3/21, 26, 12, 41, 4, 
2018/3/22, 37, 13, 43, 3, 
2018/3/23, 43, 20, 33, 2, 
2018/3/24, 59, 16, 38, 2, 
2018/3/25, 34, 11, 42, 3, 
2017/10/1, 28, 21, , 6, 
2017/10/2, 45, 20, , 6, 
2017/10/3, 38, 16, , 4, 
2017/10/4, 42, 11, , 3, 
2017/10/5, 28, 17, , 5, 
2017/10/6, 38, , , , 
2017/10/9, 55, 26, , 8, 
2017/10/10, 58, 18, , 6, 
2017/10/11, 40, 35, , 5, 
2017/10/12, 66, 28, , 8, 
2017/10/13, 56, 29, , 5, 
2017/10/14, 58, 25, , 3, 
2017/10/15, 57, 50, , 4, 
2017/10/16, 65, 33, , 2, 
2017/10/17, 50, 12, , 3, 
2017/10/18, 12, 14, , 4, 
2017/10/19, 19, 35, , 7, 
2017/10/20, 53, 11, , 4, 
2017/10/21, 18, 10, , 5, 
2017/10/22, 20, 11, 31, 9, 
2017/10/23, 34, 17, 31, 5, 
2017/10/24, 44, 21, 30, 6, 
2017/10/25, 31, 17, 31, 10, 
2017/10/26, 32, 17, 32, 14, 
2017/10/27, 48, 27, 32, 13, 
2017/10/28, 66, 21, 32, 6, 
2017/10/30, 52, 20, 32, 8, 
2017/10/31, 53, 25, 33, 5, 
2017/11/1, 56, 22, 32, 2, 
2017/11/2, 45, 14, 30, 3, 
2017/11/3, 35, 8, 29, 3, 
2017/11/4, 14, 11, 30, 3, 
2017/11/5, 25, 11, 27, 2, 
2017/11/6, 18, 4, 27, 5, 
2017/11/7, 11, 7, 29, 6, 
2017/11/8, 11, 9, 28, 6, 
2017/11/9, 11, 5, 30, 4, 
2017/11/10, 11, 8, 30, 6, 
2017/11/11, 11, 4, 30, 5, 
2017/11/12, 11, 9, 31, 8, 
2017/11/13, 11, 8, 24, 9, 
2017/11/14, 11, 13, 30, 8, 
2017/11/15, 11, 14, 31, 8, 
2017/11/16, 14, 18, 31, 9, 
2017/11/17, 35, 19, 32, 8, 
2017/11/18, 45, 62, 33, 9, 
2017/11/19, 50, 22, 34, 8, 
2017/11/20, 49, 18, 29, 11, 
2017/11/21, 47, 18, 26, 9, 
2017/11/22, 37, 20, 26, 8, 
2017/11/23, 28, 34, 26, 4, 
2017/11/24, 27, 32, 22, 8, 
2017/11/25, 27, 28, 20, 7, 
2017/11/26, 46, 36, 21, 6, 
2017/11/27, 59, 24, 21, 6, 
2017/11/28, 724, 27, 22, 6, 
2017/11/29, 733, 21, 25, 6, 
2017/11/30, 823, 11, 24, 6, 
2017/12/1, 782, 7, 27, 6, 
2017/12/2, 831, 9, 29, 3, 
2017/12/3, 677, 6, 27, , 
2017/12/4, 832, 7, 26, , 
2017/12/6, 43, 13, 29, , 
2017/12/7, 24, 12, 31, , 
2017/12/8, 18, 18, 33, , 
2017/12/9, 35, 11, 24, 5, 
2017/12/10, 40, 13, 30, 2, 
2017/12/11, 49, 12, 30, 7, 
2017/12/12, 30, 16, , , 
2017/12/13, 20, 11, , , 
2017/12/14, 60, 13, , , 
2017/12/15, 831, 13, , , 
2017/12/23, 35, 21, 29, 6, 
2017/12/24, 61, 20, 29, 3, 
2017/12/25, 47, , , , 
2017/12/27, 15, 14, 35, 3, 
2017/12/28, 25, 10, 27, 3, 
2017/12/29, 22, 16, 28, 9, 
2017/12/30, 29, 12, 27, 6, 
2017/12/31, 30, , , , 
2017/7/1, 29, 7, 30, , 2
2017/7/2, 27, 14, 29, , 11
2017/7/3, 30, 17, 26, , 19
2017/7/4, 30, 31, 24, , 
2017/7/5, 62, 7, 22, , 
2017/7/6, 14, 11, 28, , 4
2017/7/7, 21, 11, 28, , 
2017/7/8, 33, 19, 26, , 
2017/7/9, 48, 8, 22, , 40
2017/7/10, 22, 14, 27, , 5
2017/7/11, 31, 21, 33, , 41
2017/7/12, 44, 30, 34, , 19
2017/7/13, 66, 30, 32, , 8
2017/7/14, 65, 27, 26, , 3
2017/7/15, 52, 29, 25, , 22
2017/7/16, 62, 22, 29, , 65
2017/7/17, 53, 23, 27, , 10
2017/7/18, 52, 11, 19, , 60
2017/7/19, 38, 9, 24, , 
2017/7/20, 9, 13, 23, , 88
2017/7/21, 18, 16, 23, , 141
2017/7/22, 41, 11, 26, , 
2017/7/23, 41, 35, 28, , 
2017/7/24, 80, 25, 32, 5, 
2017/7/25, 62, 25, 13, 4, 
2017/7/26, 64, 25, 14, 7, 13
2017/7/27, 54, 11, 13, 3, 301
2017/7/28, 26, 10, 13, 4, 
2017/7/29, 31, 11, 17, 3, 
2017/7/30, 20, 15, 19, 3, 91
2017/7/31, 27, 12, 19, 3, 48
2017/8/1, 27, 9, 21, 4, 
2017/8/2, 21, 11, 19, 4, 
2017/8/3, 27, 10, 20, 5, 
2017/8/4, 21, 11, 18, 4, 
2017/8/5, 40, 13, 24, 5, 
2017/8/6, 40, 22, 25, 5, 
2017/8/7, 61, 16, 24, 3, 
2017/8/8, 44, 17, 25, 3, 
2017/8/9, 38, 24, 26, 5, 
2017/8/10, 50, 23, 26, 4, 
2017/8/11, 68, 22, 27, 3, 
2017/8/12, 63, 19, 23, 4, 
2017/8/13, 60, 22, 22, 4, 
2017/8/14, 55, 16, 22, 4, 
2017/8/15, 51, 19, 22, 5, 
2017/8/16, 58, 35, 30, 5, 
2017/8/17, 87, 26, 20, 4, 
2017/8/18, 73, 16, 23, 3, 
2017/8/19, 45, 32, 23, 2, 
2017/8/20, 75, 41, 23, 2, 
2017/8/21, 81, 41, 23, 5, 
2017/8/22, 71, 35, 23, 7, 
2017/8/23, 71, 22, 19, 7, 
2017/8/24, 58, 21, 22, 5, 
2017/8/25, 48, 15, 22, 5, 
2017/8/26, 51, 20, 18, 3, 
2017/8/27, 60, 16, 20, 2, 
2017/8/28, 42, 7, 20, 3, 
2017/8/29, 28, 14, 23, 4, 
2017/8/30, 53, 12, 24, 4, 
2017/8/31, 45, 21, 23, 4, 
2017/9/1, 53, 26, 20, 4, 
2017/9/2, 63, 24, 18, 5, 
2017/9/3, 42, 10, 12, 3, 
2017/9/4, 25, 11, 11, 3, 
2017/9/5, 39, , , , 
2017/9/10, 35, 15, 37, 4, 
2017/9/11, 29, 9, 26, 4, 
2017/9/12, 19, 16, , 4, 
2017/9/13, 36, 18, , 6, 
2017/9/14, 32, 16, , 3, 
2017/9/15, 25, 16, , 3, 
2017/9/16, 29, 11, 34, 4, 
2017/9/17, 16, 8, 28, 3, 
2017/9/18, 17, 13, , 6, 
2017/9/19, 31, 17, , 7, 
2017/9/20, 40, 23, , 8, 
2017/9/21, 55, 10, , 5, 
2017/9/22, 20, 22, , 5, 
2017/9/23, 46, 24, , 4, 
2017/9/24, 48, 17, , 4, 
2017/9/25, 31, 12, , 6, 
2017/9/26, 25, 17, , 6, 
2017/9/27, 46, 22, , 7, 
2017/9/28, 56, 13, , 5, 
2017/9/29, 36, 25, , 5, 
2017/9/30, 48, 16, , 4, 
2017/4/1, 20, 13, 31, , 
2017/4/2, 28, 11, 38, , 
2017/4/3, 25, 18, 37, , 
2017/4/4, 36, 13, 40, , 
2017/4/5, 31, 16, 40, , 
2017/4/6, 23, 17, 43, , 
2017/4/7, 26, 18, 41, , 
2017/4/8, 39, 20, 39, , 
2017/4/9, 43, 23, 40, , 
2017/4/10, 34, 19, 39, , 
2017/4/11, 51, 24, 39, , 
2017/4/12, 62, 25, 36, , 
2017/4/13, 58, 10, 28, , 
2017/4/14, 26, 10, 29, , 
2017/4/15, 17, 13, 29, , 
2017/4/16, 35, 16, 30, , 
2017/4/17, 28, 22, 40, , 
2017/4/18, 47, 30, 34, , 
2017/4/19, 61, 39, 37, , 
2017/4/20, 48, 40, 38, , 
2017/4/21, 56, 24, 38, , 
2017/4/22, 43, 31, 38, , 
2017/4/23, 50, 32, 32, , 
2017/4/24, 52, 30, 31, , 
2017/4/25, 58, 17, 26, , 
2017/4/26, 37, 9, 26, , 
2017/4/27, 13, 4, 21, , 
2017/4/28, 17, 19, 32, , 
2017/4/29, 29, 12, 28, , 
2017/4/30, 29, 11, 27, , 
2017/5/1, 20, 11, 32, , 
2017/5/2, 28, 14, 35, , 
2017/5/3, 22, 24, 29, , 
2017/5/4, 42, 10, 27, , 
2017/5/5, 15, 11, 26, , 
2017/5/12, 29, 21, 26, , 
2017/5/13, 25, 13, 22, , 
2017/5/14, 16, 12, 27, , 
2017/5/15, 28, 11, 27, , 
2017/5/16, 26, 11, 26, , 
2017/5/17, 32, 14, 26, , 
2017/5/18, 25, 11, 28, , 
2017/5/19, 31, 10, 32, , 
2017/5/20, 16, 31, 30, , 
2017/5/21, 45, 40, 25, , 
2017/5/22, 46, 27, 34, , 
2017/5/23, 57, 25, 33, , 
2017/5/24, 41, 30, 31, , 
2017/5/25, 54, 28, 25, , 
2017/5/26, 59, 21, 24, , 
2017/5/27, 46, 14, 19, , 
2017/5/28, 36, 14, 20, , 
2017/5/29, 24, 15, 23, , 
2017/5/30, 17, 14, 29, , 
2017/5/31, 34, 27, 30, , 
2017/6/1, 37, 19, 30, , 
2017/6/2, 45, 12, 26, , 
2017/6/3, 33, 16, 26, , 
2017/6/4, 14, 16, 28, , 
2017/6/5, 28, 12, 24, , 
2017/6/6, 9, 15, 36, , 
2017/6/7, 29, 20, 35, , 
2017/6/8, 38, 19, 23, , 
2017/6/9, 45, 14, 29, , 
2017/6/10, 21, 18, 28, , 
2017/6/11, 23, 14, 34, , 
2017/6/12, 29, 34, 26, , 
2017/6/13, 65, 30, 21, , 
2017/6/14, 50, 29, 26, , 
2017/6/15, 56, 28, 30, , 
2017/6/16, 57, 24, 34, , 
2017/6/17, 51, 22, 35, , 
2017/6/18, 51, 33, 34, , 
2017/6/19, 69, 26, 30, , 
2017/6/20, 51, 36, 27, , 
2017/6/21, 67, 25, 20, , 2
2017/6/22, 52, 19, 24, , 6
2017/6/23, 38, 20, 21, , 24
2017/6/24, 37, 18, 27, , 9
2017/6/25, 46, 11, 21, , 29
2017/6/26, 32, 7, 16, , 13
2017/6/27, 14, 8, 17, , 47
2017/6/28, 23, 10, 24, , 20
2017/6/29, 12, 10, 22, , 40
2017/6/30, 15, 12, 27, , 
2017/1/3, 41, 49, 26, , 2
2017/1/4, 94, 25, 15, , 5
2017/1/5, 57, 31, 19, , 35
2017/1/6, 68, 14, 22, , 15
2017/1/7, 46, 17, 23, , 2
2017/1/8, 40, 18, 22, , 43
2017/1/9, 44, 11, 22, , 35
2017/1/10, 40, 18, 21, , 8
2017/1/11, 51, 14, 18, , 3
2017/1/12, 29, 17, 20, , 12
2017/1/13, 50, 13, 22, , 1
2017/1/14, 31, 11, 23, , 
2017/1/15, 32, 8, 24, , 
2017/1/16, 22, 8, 24, , 4
2017/1/17, 24, 17, 19, , 11
2017/1/18, 46, 15, 22, , 17
2017/1/19, 33, 14, 20, , 18
2017/1/20, 34, 14, 21, , 9
2017/1/21, 39, 15, 22, , 6
2017/1/22, 45, 23, 28, , 2
2017/1/23, 59, 21, 22, , 13
2017/1/24, 59, 21, 29, , 17
2017/1/25, 56, 20, 34, , 19
2017/1/26, 57, 10, 32, , 18
2017/1/27, 25, 16, 29, , 3
2017/1/28, 22, 20, 27, , 24
2017/1/29, 40, 19, 26, , 30
2017/1/30, 39, 17, 23, , 21
2017/1/31, 41, 19, 26, , 
2017/2/1, 41, 10, 29, , 6
2017/2/2, 20, 15, 28, , 2
2017/2/3, 26, 41, 30, , 1
2017/2/4, 63, 33, 28, , 15
2017/2/5, 46, 27, 27, , 27
2017/2/6, 43, 26, 26, , 32
2017/2/7, 46, 20, , , 
2017/2/8, 42, 12, , , 
2017/2/9, 36, 11, 26, , 10
2017/2/10, 29, 10, 30, , 27
2017/2/11, 20, 8, 31, , 11
2017/2/12, 10, 13, 35, , 4
2017/2/13, 19, 21, 30, , 6
2017/2/14, 29, 18, 26, , 3
2017/2/15, 35, 53, 31, , 31
2017/2/16, 35, 18, 27, , 25
2017/2/17, 35, 23, 27, , 9
2017/2/18, 35, 26, 28, , 8
2017/2/19, 35, 11, 27, , 9
2017/2/20, 35, 14, 23, , 10
2017/2/21, 35, 25, 26, , 12
2017/2/22, 35, 53, 27, , 14
2017/2/23, 35, , 18, , 24
2017/2/24, 35, , 22, , 3
2017/2/25, 35, , 26, , 1
2017/2/26, 35, , 28, , 8
2017/2/27, 35, , 28, , 3
2017/2/28, 35, , 29, , 3
2017/3/1, 35, , 30, , 
2017/3/2, 35, 19, 27, , 
2017/3/3, 34, 17, 30, , 
2017/3/4, 22, 16, 33, , 
2017/3/5, 27, 19, 24, , 
2017/3/6, 25, 11, 23, , 
2017/3/7, 25, 15, 23, , 
2017/3/8, 34, 8, 31, , 
2017/3/9, 27, 11, 34, , 
2017/3/10, 27, 10, 31, , 
2017/3/11, 17, 21, 28, , 
2017/3/12, 58, 13, 29, , 
2017/3/13, 20, 15, 27, , 
2017/3/14, 27, 7, 30, , 
2017/3/15, 16, 23, 37, , 
2017/3/16, 38, 23, 34, , 
2017/3/17, 48, 22, 35, , 
2017/3/18, 33, 31, 35, , 
2017/3/19, 51, 32, 36, , 
2017/3/20, 62, 21, 26, , 
2017/3/21, 37, 10, , , 
2017/3/22, 21, 10, , , 
2017/3/23, 15, 9, , , 
2017/3/24, 16, 7, , , 
2017/3/25, 23, 9, , , 
2017/3/26, 20, 24, , , 
2017/3/27, 29, 18, 26, , 
2017/3/28, 34, 10, 34, , 
2017/3/29, 23, 17, 33, , 
2017/3/30, 35, 22, 31, , 
2017/3/31, 47, 14, 31, , 
2016/10/1, 46, 23, 35, 5, 11
2016/10/2, 14, 8, 28, 1, 12
2016/10/3, 21, 19, 35, 7, 14
2016/10/4, 30, 23, 32, , 4
2016/10/5, 49, 29, 31, , 5
2016/10/6, 48, 22, 32, , 3
2016/10/7, 32, 20, 33, , 6
2016/10/8, 40, 12, 28, , 26
2016/10/9, 22, 15, 30, , 1
2016/10/10, 28, 13, 31, , 1
2016/10/11, 21, 10, 26, , 3
2016/10/12, 20, 13, 27, , 9
2016/10/13, 17, 14, 31, , 1
2016/10/14, 29, 16, 32, , 10
2016/10/15, 37, 18, 31, , 2
2016/10/16, 44, 25, 30, , 43
2016/10/17, 72, 19, 29, , 38
2016/10/18, 49, 33, 30, , 15
2016/10/19, 81, 33, 26, , 18
2016/10/20, 80, 14, 22, , 23
2016/10/21, 39, 17, 22, , 20
2016/10/22, 40, 16, 29, , 2
2016/10/23, 34, 55, 28, , 8
2016/10/24, 32, 70, 22, , 27
2016/10/25, 57, 19, 22, , 1
2016/10/26, 54, 50, 21, , 2
2016/10/27, 98, 46, 26, , 1
2016/10/28, 95, 25, 28, , 3
2016/10/29, 56, 15, 31, , 7
2016/10/31, 30, 13, 30, , 37
2016/11/1, 43, 31, 34, , 5
2016/11/2, 67, 39, 29, , 2
2016/11/3, 82, 32, 26, , 5
2016/11/4, 70, 26, 25, , 3
2016/11/5, 58, 21, 27, , 8
2016/11/6, 26, 10, 26, , 4
2016/11/7, 15, 9, 26, , 4
2016/11/8, 10, 11, 23, , 4
2016/11/9, 37, 28, 23, , 11
2016/11/10, 25, 15, , , 
2016/11/11, 23, 13, , , 
2016/11/12, 39, 15, , , 
2016/11/13, 42, 10, , , 
2016/11/14, 29, 12, 15, , 3
2016/11/15, 33, 13, 24, , 4
2016/11/16, 16, 11, 25, , 4
2016/11/17, 25, 13, 26, , 9
2016/11/18, 33, 19, 23, , 14
2016/11/19, 48, 14, 26, , 7
2016/11/20, 31, 17, 27, , 7
2016/11/21, 29, 19, 27, , 17
2016/11/22, 10, 9, 22, , 26
2016/11/23, 14, 9, 22, , 19
2016/11/24, 23, 15, 23, , 2
2016/11/25, 35, 9, 28, , 9
2016/11/26, 35, 11, 23, , 60
2016/11/27, 27, 6, 25, , 63
2016/11/28, 29, 12, 20, , 45
2016/11/29, 31, 11, 22, , 3
2016/11/30, 28, 28, 28, , 5
2016/12/1, 57, 13, 26, , 10
2016/12/2, 37, 16, 19, , 9
2016/12/3, 26, 13, 27, , 5
2016/12/4, 36, 37, 30, , 7
2016/12/5, 61, 13, 21, , 1
2016/12/6, 35, 14, 16, , 2
2016/12/7, 45, 19, 22, , 2
2016/12/8, 45, 18, 29, , 5
2016/12/9, 42, 18, 26, , 9
2016/12/10, 58, 25, 24, , 14
2016/12/11, 43, 17, 21, , 2
2016/12/12, 42, 15, 20, , 37
2016/12/13, 48, 20, 15, , 40
2016/12/14, 52, 21, , , 
2016/12/15, 52, 12, , , 
2016/12/16, 31, 9, , , 
2016/12/17, 18, 7, , , 
2016/12/18, 25, 7, , , 
2016/12/19, 19, 9, 19, , 
2016/12/20, 20, 16, 25, , 45
2016/12/21, 47, 10, 20, , 42
2016/12/22, 49, 8, 20, , 23
2016/12/23, 32, 9, 22, , 25
2016/12/24, 31, 10, 23, , 63
2016/12/25, 33, 12, 24, , 10
2016/12/26, 36, 11, 22, , 30
2016/12/27, 32, 17, 24, , 40
2016/12/28, 48, 13, 22, , 28
2016/12/29, 44, 15, 21, , 2
2016/12/30, 50, 18, 22, , 5
2016/12/31, 45, 17, 24, , 4
2017/1/1, 49, 17, 27, , 23
2017/1/2, 46, 14, 29, , 
2016/9/3, 27, 28, 35, , 3
2016/9/4, 58, 29, 36, , 5
2016/9/5, 68, 33, 44, , 3
2016/9/6, 64, 36, 39, , 3
2016/9/7, 65, 41, 31, , 5
2016/9/8, 47, 18, 30, 5, 10
2016/9/9, 23, 15, 30, 2, 7
2016/9/10, 18, 11, 24, 2, 4
2016/9/11, 43, 22, 26, 3, 2
2016/9/12, 43, 24, 28, 3, 1
2016/9/13, 35, 13, 23, 2, 4
2016/9/14, 19, 11, 22, 3, 14
2016/9/15, 18, 9, 22, 3, 33
2016/9/16, 16, 9, 24, 4, 8
2016/9/17, 29, 11, 36, 6, 3
2016/9/18, 39, 15, 37, 4, 6
2016/9/19, 48, 16, 31, 5, 2
2016/9/20, 53, 25, 32, 3, 53
2016/9/21, 44, 24, 29, 4, 35
2016/9/22, 26, 13, 24, 3, 36
2016/9/23, 16, 9, 25, 5, 37
2016/9/24, 33, 15, 31, 7, 17
2016/9/25, 24, 8, 22, 3, 40
2016/9/26, 23, 12, 28, 4, 32
2016/9/27, 30, 14, 32, 5, 16
2016/9/28, 45, 18, 33, 3, 22
2016/9/29, 35, 20, 35, 4, 1
2016/9/30, 41, 20, 34, 4, 
2016/4/1, 23, , 33, 3, 6
2016/4/2, 37, , 34, 2, 
2016/4/3, 41, , 31, 1, 16
2016/4/4, 60, , 30, 3, 18
2016/4/5, 19, , 33, 3, 16
2016/4/6, 38, , 35, 4, 5
2016/4/7, 57, , 32, 4, 16
2016/4/8, 51, , 32, 2, 11
2016/4/9, 44, , 33, 3, 19
2016/4/10, 25, , 31, , 20
2016/4/11, 49, , , , 6
2016/4/12, 41, , , , 1
2016/4/13, 35, , 28, 1, 
2016/4/14, 98, , 38, 3, 4
2016/4/15, 134, , 27, 1, 2
2016/4/16, 33, , 34, 3, 3
2016/4/17, 20, , 31, 6, 4
2016/4/18, 20, , 34, 5, 12
2016/4/19, 42, , 34, 5, 21
2016/4/20, 19, , 32, 6, 5
2016/4/21, 27, , 30, 6, 9
2016/4/22, 15, , 34, 3, 6
2016/4/23, 22, , 30, 4, 9
2016/4/24, 16, , 34, 3, 6
2016/4/25, 24, , 36, 5, 8
2016/4/26, 33, , 35, 7, 30
2016/4/27, 28, , 29, 5, 1
2016/4/28, 35, , 33, 7, 
2016/4/29, 48, , 35, 6, 
2016/4/30, 52, , 36, 4, 3
2016/5/1, 26, , 42, 5, 
2016/5/2, 24, , 46, 6, 
2016/5/3, 29, , 46, 5, 
2016/5/4, 38, , 37, 7, 
2016/5/5, 32, , 34, 2, 
2016/5/6, 21, , , , 
2016/5/8, 17, , 36, 1, 
2016/5/9, 42, , 37, 2, 
2016/5/10, 9, , 36, 2, 
2016/5/11, 21, 15, 34, 4, 
2016/5/12, 16, 12, 32, 9, 
2016/5/13, 28, 11, 35, 5, 
2016/5/14, 24, 9, 37, 4, 
2016/5/17, 17, 18, 39, 5, 
2016/1/5, 23, 64, 25, 6, 
2016/1/6, 26, 17, 29, 5, 
2016/1/7, 43, 12, 30, 2, 
2016/1/8, 20, 9, , 1, 
2016/1/9, 17, 13, , 3, 
2016/1/10, 15, 20, , , 
2016/1/11, 35, 25, 29, 5, 
2016/1/12, 39, 21, 23, 10, 
2016/1/13, 43, 12, 25, 6, 
2016/1/14, 26, 23, 20, 6, 
2016/1/15, 51, 29, 24, 6, 2
2016/1/16, 27, 7, 24, 3, 11
2016/1/17, 20, 10, 23, 5, 2
2016/1/18, 23, 18, 24, 8, 6
2016/1/19, 68, 16, 27, 8, 12
2016/1/20, 25, 17, 28, 7, 1
2016/1/21, 30, 34, 21, 9, 6
2016/1/22, 58, 30, 19, 6, 33
2016/1/23, 57, 11, 23, 3, 16
2016/1/24, 26, 28, 24, 4, 13
2016/1/25, 44, 24, 25, 7, 6
2016/1/26, 49, 11, 21, 9, 14
2016/1/27, 25, 17, 25, 9, 17
2016/1/28, 48, 16, 23, 9, 16
2016/1/29, 42, 13, 23, 5, 3
2016/1/30, 30, 8, 24, 3, 2
2016/1/31, 24, 9, 27, 4, 
2016/2/1, 26, 13, 22, 10, 
2016/2/2, 38, 21, 19, 9, 
2016/2/3, 94, 16, 15, 7, 
2016/2/4, 86, 12, 27, 5, 1
2016/2/19, 15, 9, 25, 5, 17
2016/2/20, 30, 8, 30, 3, 35
2016/2/21, 34, 32, 30, 3, 6
2016/2/22, 55, 118, 27, 9, 5
2016/2/23, 168, 44, 27, 7, 39
2016/2/24, 81, 15, 32, 5, 55
2016/2/25, 43, 15, 31, 5, 2
2016/2/26, 29, 10, 29, 3, 33
2016/2/27, 21, 5, 29, 3, 35
2016/2/28, 13, 11, 29, 2, 10
2016/2/29, 34, 13, 27, 6, 12
2016/3/1, 43, 15, 32, 8, 19
2016/3/2, 50, 18, 25, 5, 24
2016/3/3, 52, 13, 32, 6, 9
2016/3/4, 29, 17, 27, 4, 24
2016/3/5, 40, 15, 29, 3, 5
2016/3/6, 44, 10, 28, 3, 16
2016/3/7, 23, 10, 29, 3, 26
2016/3/8, 25, 13, 29, 5, 2
2016/3/9, 35, 11, 26, 4, 2
2016/3/10, 31, 16, 30, 4, 3
2016/3/11, 35, 14, 29, 6, 8
2016/3/12, 39, 13, 33, 6, 3
2016/3/13, 34, 32, 35, 6, 5
2016/3/14, 29, 14, 36, 4, 13
2016/3/15, 44, 12, 32, 4, 19
2016/3/16, 25, 10, 31, 4, 4
2016/3/17, 20, 21, 35, 6, 2
2016/3/18, 44, 20, 29, 6, 1
2016/3/19, 53, 10, 31, 3, 1
2016/3/20, 14, 10, 35, 3, 4
2016/3/21, 16, 9, 34, 5, 6
2016/3/22, 25, 10, 30, 3, 5
2016/3/23, 28, 15, 31, 4, 7
2016/3/24, 36, 17, 32, 5, 7
2016/3/25, 49, 20, 35, 4, 3
2016/3/26, 60, , 26, 5, 6
2016/3/27, 24, , 31, 4, 9
2016/3/28, 32, , 30, 5, 15
2016/3/29, 37, , 32, 6, 9
2016/3/30, 40, , 31, 2, 4
2016/3/31, 30, , 32, 3, 5
2015/10/1, 26, 17, 40, 6, 4
2015/10/2, 40, 24, 23, 3, 
2015/10/3, 60, 26, 31, 2, 1
2015/10/4, 40, 48, 25, 1, 4
2015/10/5, 58, 46, 23, 4, 3
2015/10/6, 34, 11, 29, 4, 1
2015/10/7, 12, 10, 33, 4, 13
2015/10/8, 30, 18, 36, 5, 9
2015/10/9, 47, 18, 27, 2, 3
2015/10/10, 31, 20, 24, 2, 1
2015/10/11, 14, 18, 27, 2, 1
2015/10/12, 19, 17, 27, 4, 
2015/10/13, 15, 21, 25, 4, 
2015/10/30, 43, 16, 31, 4, 3
2015/10/31, 37, 10, 33, 4, 3
2015/11/1, 21, 6, 33, 1, 
2015/11/2, 15, 10, 33, 1, 1
2015/11/3, 17, 19, 28, 5, 
2015/11/4, 34, 14, 28, 4, 
2015/11/5, 19, 16, 21, 8, 
2015/11/6, 31, 12, 27, 9, 
2015/11/7, 27, 16, 29, 4, 
2015/11/8, 45, 34, 30, 2, 
2015/11/9, 46, 22, 30, 7, 
2015/11/10, 50, 19, 30, 11, 
2015/11/11, 50, 25, 27, 14, 
2015/11/12, 64, 28, 29, 11, 
2015/11/13, 62, 24, 30, 10, 
2015/11/14, 63, 25, 28, 5, 
2015/11/15, 64, 16, 29, 3, 
2015/11/16, 39, 20, 25, 8, 
2015/11/17, 50, 21, 31, 9, 
2015/11/18, 47, 22, 27, 8, 
2015/11/19, 61, 27, 25, 12, 
2015/11/20, 64, 18, 29, 12, 
2015/11/21, 53, 34, 25, 5, 
2015/11/22, 72, 9, 26, 3, 
2015/11/23, 20, 10, 23, 5, 
2015/11/24, 26, 9, 27, 10, 
2015/11/25, 20, 13, 25, 6, 
2015/11/26, 40, 15, 24, 8, 
2015/11/27, 36, 14, 25, 10, 
2015/11/28, 32, 15, 22, 6, 
2015/11/29, 36, 10, 30, 3, 
2015/11/30, 33, 14, 28, 6, 
2015/12/1, 34, 22, 21, 8, 
2015/12/2, 50, 27, 22, 14, 
2015/12/3, 58, 23, 25, 10, 
2015/12/4, 59, 19, 24, 11, 
2015/12/5, 55, 24, 32, 6, 
2015/12/6, 61, 22, 30, 3, 
2015/12/7, 57, 28, 26, 6, 
2015/12/8, 54, 23, 19, 8, 
2015/12/9, 65, 21, 20, 8, 
2015/12/10, 53, 23, 31, 8, 
2015/12/11, 59, 25, 24, 6, 
2015/12/12, 63, 23, 27, 3, 
2015/12/13, 49, 22, 31, 1, 
2015/12/14, 33, 44, 23, 2, 
2015/12/15, 67, 42, 16, 8, 
2015/12/16, 74, 41, 21, 10, 
2015/12/17, 78, 44, 19, 10, 
2015/12/18, 87, 47, 15, 9, 
2015/12/19, 75, 42, 16, 9, 
2015/12/20, 78, 36, 20, 8, 
2015/12/21, 63, 12, 23, 7, 
2015/12/22, 26, 22, 26, 9, 
2015/12/23, 57, 38, 21, 11, 
2015/12/24, 71, 33, 22, 6, 
2015/12/25, 70, 35, 24, 4, 
2015/12/26, 75, 29, 25, 3, 
2015/12/27, 65, 25, 31, 2, 
2015/12/28, 50, 52, 29, 2, 
2015/12/29, 78, 19, 22, 12, 
2015/12/30, 42, 26, 25, 6, 
2015/12/31, 45, , , , 
2016/1/3, 27, 16, 25, 1, 
2016/1/4, 13, 35, 22, , 
2015/7/1, 39, 9, 29, 2, 
2015/7/2, 20, 14, 34, 3, 
2015/7/3, 23, 10, 26, 4, 
2015/7/4, 25, 9, 29, 4, 
2015/7/5, 22, 20, 40, 3, 
2015/7/6, 53, 20, , 3, 
2015/7/7, 44, 15, 32, 4, 
2015/7/8, 35, 27, 28, 4, 
2015/7/9, 55, 25, 31, 2, 
2015/7/10, 50, 17, 28, 2, 
2015/7/11, 38, 14, 31, 3, 
2015/7/12, 27, 25, 35, 4, 
2015/7/13, 59, 22, 36, 3, 
2015/7/14, 57, 22, 36, 4, 
2015/7/15, 53, , , , 
2015/7/18, 36, 11, 23, 3, 
2015/7/19, 33, 9, 21, 3, 
2015/7/20, 27, 10, 24, 3, 
2015/7/21, 21, 14, 29, 3, 
2015/7/22, 29, 18, 40, 5, 
2015/7/23, 28, 13, 19, 2, 
2015/7/24, 33, 11, 36, 2, 
2015/7/25, 21, 20, 44, 1, 
2015/7/26, 46, , , , 
2015/7/28, 41, 14, 25, 2, 
2015/7/29, 31, 12, 14, 2, 
2015/7/30, 17, 16, 24, 3, 
2015/7/31, 18, 18, 32, 4, 
2015/8/1, 42, 20, 34, 2, 
2015/8/2, 46, 26, 32, 2, 
2015/8/3, 58, 11, 26, 3, 9
2015/8/4, 25, 19, 36, 8, 1
2015/8/5, 31, 27, 35, 8, 
2015/8/6, 61, 17, 27, 4, 
2015/8/7, 36, 24, 39, 6, 1
2015/8/8, 53, 33, 37, 4, 1
2015/8/9, 71, 42, 36, 4, 3
2015/8/10, 77, 27, 34, 4, 6
2015/8/11, 60, 20, 26, 5, 1
2015/8/12, 46, 12, 30, 3, 1
2015/8/13, 24, 11, 32, 2, 1
2015/8/14, 30, 8, 25, 2, 
2015/8/15, 20, 14, 19, 2, 4
2015/8/16, 27, 9, 25, 3, 1
2015/8/17, 17, 10, 31, 3, 3
2015/8/18, 29, 28, 29, 5, 2
2015/8/19, 59, 30, 35, 7, 2
2015/8/20, 62, 35, 31, 3, 11
2015/8/21, 61, 21, 25, 2, 
2015/8/22, 49, 11, 25, 2, 1
2015/8/23, 27, 14, 27, 2, 3
2015/8/24, 26, 12, 35, 3, 15
2015/8/25, 26, 12, 36, 4, 14
2015/8/26, 33, 11, 25, 6, 3
2015/8/27, 27, 14, 29, 4, 1
2015/8/28, 27, 44, 36, 2, 3
2015/8/29, 70, 58, 31, 2, 4
2015/8/30, 82, 29, 21, 3, 2
2015/8/31, 47, 14, 27, 4, 
2015/9/1, 28, 16, 31, 3, 3
2015/9/2, 32, 16, 33, 2, 1
2015/9/3, 31, 17, 33, 3, 5
2015/9/4, 33, 19, 34, 6, 17
2015/9/5, 49, 17, 38, 5, 
2015/9/6, 51, 17, 24, 3, 7
2015/9/7, 54, 25, , 3, 20
2015/9/8, 63, 21, 41, 8, 
2015/9/9, 59, 17, 27, 7, 
2015/9/10, 39, 52, 32, 5, 1
2015/9/11, 31, 13, 28, 3, 5
2015/9/12, 36, 14, 32, 2, 7
2015/9/13, 27, 13, 26, 3, 
2015/9/14, 30, 11, 30, 3, 3
2015/9/15, 20, 22, 25, 2, 3
2015/9/16, 33, 12, 29, 5, 
2015/9/17, 22, 9, 36, 5, 1
2015/9/18, 30, 14, 33, 6, 1
2015/9/19, 28, 24, 30, 3, 1
2015/9/20, 39, 30, 33, 4, 1
2015/9/21, 52, 18, 31, 10, 1
2015/9/22, 41, 14, 31, 4, 
2015/9/23, 19, 23, 34, 5, 
2015/9/24, 29, 24, 37, 3, 
2015/9/25, 56, 28, 35, 7, 
2015/9/26, 58, 26, 39, 8, 1
2015/9/27, 56, 22, 37, 6, 
2015/9/28, 52, 15, 39, 3, 
2015/9/29, 36, 16, 38, 7, 5
2015/9/30, 27, 13, 38, 8, 2
2015/4/1, 49, 18, 33, 2, 
2015/4/2, 55, 21, 30, 1, 
2015/4/3, 51, 26, 32, 3, 
2015/4/4, 67, , , , 
2015/4/6, 68, 23, , 2, 
2015/4/7, 60, 30, 30, 2, 1
2015/4/8, 62, 30, 24, 3, 1
2015/4/9, 65, 35, , 2, 
2015/4/10, 70, 11, , 3, 1
2015/4/11, 45, 13, , 1, 3
2015/4/12, 44, 35, 35, 4, 
2015/4/13, 79, 44, 31, 2, 1
2015/4/14, 90, 14, 28, 3, 1
2015/4/15, 45, 13, 29, 2, 5
2015/4/16, 44, 20, 31, 3, 1
2015/4/17, 59, 10, 27, 3, 2
2015/4/18, 35, 8, 30, 1, 4
2015/4/19, 38, 14, 33, 3, 14
2015/4/20, 17, 14, 41, 3, 1
2015/4/21, 44, 33, 35, 2, 
2015/4/22, 65, 10, 35, 3, 
2015/4/23, 31, 13, 32, 5, 2
2015/4/24, 44, 10, 30, 1, 3
2015/4/25, 28, 12, 35, , 15
2015/4/26, 32, 17, 34, 2, 8
2015/4/27, 46, 10, 33, 3, 3
2015/4/28, 25, 10, 29, 3, 3
2015/4/29, 20, 9, 30, 3, 5
2015/4/30, 25, 10, 36, 2, 2
2015/5/1, 30, 12, , 3, 4
2015/5/2, 30, 11, 21, 3, 
2015/5/3, 41, 15, 29, 1, 12
2015/5/4, 42, 18, 33, 2, 3
2015/5/5, 34, 11, , 2, 10
2015/5/6, 40, 16, 39, 3, 2
2015/5/7, 45, 22, 29, 1, 6
2015/5/8, 41, 19, 28, 2, 1
2015/5/9, 51, 19, , 1, 
2015/5/10, 43, 22, 47, 3, 1
2015/5/11, 53, 29, 50, 4, 2
2015/5/12, 59, 37, 49, 6, 1
2015/5/13, 75, 23, 41, 3, 
2015/5/14, 60, 19, 40, 3, 1
2015/5/15, 38, 18, 40, 3, 7
2015/5/16, 55, 18, 46, 2, 2
2015/5/17, 49, 18, 43, 3, 4
2015/5/18, 47, 20, 37, 3, 1
2015/5/19, 50, 24, 39, 3, 1
2015/5/20, 68, 19, 40, 3, 
2015/5/21, 72, 18, 43, 2, 
2015/5/22, 57, 17, , 1, 
2015/5/23, 40, 19, , 1, 
2015/5/24, 55, 14, , 1, 
2015/5/25, 30, 15, , 1, 
2015/5/26, 42, 21, , 4, 
2015/5/27, 48, 20, 46, 3, 
2015/5/28, 48, 28, 35, 1, 
2015/5/29, 61, 31, 31, 5, 
2015/5/30, 61, 11, 26, 3, 
2015/5/31, 29, 10, 28, 2, 
2015/6/1, 36, 14, 40, 2, 
2015/6/2, 38, 23, 45, 5, 
2015/6/3, 54, 23, 45, 3, 
2015/6/4, 57, 26, 34, 3, 
2015/6/5, 61, 29, , 2, 
2015/6/6, 61, 21, 42, 2, 
2015/6/7, 57, 24, 38, 5, 
2015/6/8, 56, 22, 33, 4, 
2015/6/9, 61, 29, 42, 1, 
2015/6/10, 71, 23, 27, 1, 
2015/6/11, 50, 16, 42, 2, 
2015/6/12, 36, 13, 35, 2, 
2015/6/13, 36, 10, 26, 1, 
2015/6/14, 27, 8, 38, 2, 
2015/6/15, 25, 10, 42, 2, 
2015/6/16, 45, 15, 49, 3, 
2015/6/17, 49, 17, 48, 3, 
2015/6/18, 47, 13, 48, 3, 
2015/6/19, 38, 12, 46, 2, 
2015/6/20, 40, 19, 35, 1, 
2015/6/21, 47, 21, 33, 2, 
2015/6/22, 42, 15, 32, 2, 
2015/6/23, 46, 12, 25, 3, 
2015/6/24, 24, 14, 35, 5, 
2015/6/25, 39, 21, 44, 4, 
2015/6/26, 50, 17, 47, 2, 
2015/6/27, 50, 20, 43, 6, 
2015/6/28, 53, 32, 35, 2, 
2015/6/29, 70, 29, 32, 1, 
2015/6/30, 61, 17, 21, 2, 
2015/1/2, 67, 13, 28, 5, 
2015/1/3, 40, 11, 25, 9, 
2015/1/4, 52, 20, 27, 11, 
2015/1/5, 62, 26, 22, 8, 1
2015/1/6, 75, 26, 26, 7, 1
2015/1/7, 67, 15, 24, 9, 1
2015/1/8, 38, 20, 24, 7, 
2015/1/9, 70, 19, 23, 9, 2
2015/1/10, 57, 20, 21, 6, 1
2015/1/11, 58, 22, 28, 11, 
2015/1/12, 66, 23, 26, 10, 1
2015/1/13, 70, 21, 28, 7, 5
2015/1/14, 61, 23, 13, 7, 13
2015/1/15, 62, 18, 30, 2, 
2015/1/16, 52, 13, 25, 5, 14
2015/1/17, 25, 12, 30, 1, 1
2015/1/19, 23, 10, , 7, 
2015/1/20, 18, 10, 23, 7, 3
2015/1/21, 32, 12, 27, 4, 15
2015/1/22, 27, 11, 27, 5, 1
2015/1/23, 36, 7, 20, 7, 
2015/1/24, 25, 10, 25, 4, 2
2015/1/25, 32, 7, 28, 5, 4
2015/1/26, 25, 10, 29, 10, 
2015/1/27, 37, 17, 26, 12, 
2015/1/28, 58, 21, 20, 11, 1
2015/1/29, 66, 13, 24, 3, 
2015/1/30, 32, 4, 24, 2, 
2015/1/31, 11, 9, 30, 2, 4
2015/2/1, 17, 15, 28, 3, 9
2015/2/2, 34, 14, 30, 2, 1
2015/2/3, 35, 10, 30, 4, 
2015/2/4, 25, 8, 31, 4, 1
2015/2/5, 13, 10, 21, 9, 
2015/2/6, 24, 12, 28, 5, 1
2015/2/7, 34, 13, 28, 4, 1
2015/2/8, 35, 10, 33, 2, 
2015/2/9, 37, 10, 36, 3, 
2015/2/10, 38, 28, 27, 5, 1
2015/2/11, 63, 16, 21, 9, 1
2015/2/12, 45, 25, 31, 4, 
2015/2/13, 63, 15, 31, 8, 3
2015/2/14, 55, 15, 31, 3, 9
2015/2/15, 41, 13, 29, 2, 2
2015/2/16, 27, 14, 27, 5, 11
2015/2/17, 43, 10, 29, 1, 7
2015/2/18, 29, 7, 31, 5, 1
2015/2/19, 21, 14, 34, 4, 
2015/2/20, 42, 17, 33, 8, 
2015/2/21, 55, 13, , 3, 1
2015/2/22, 52, 14, 27, 1, 1
2015/2/23, 38, 9, 26, 2, 1
2015/2/24, 30, 17, 28, 5, 
2015/2/25, 35, 11, 29, 3, 1
2015/2/26, 29, 11, 29, 4, 1
2015/2/27, 44, 7, 32, 2, 
2015/2/28, 24, 12, 28, 2, 
2015/3/1, 46, 8, 28, 3, 1
2015/3/2, 34, 12, 25, 3, 8
2015/3/3, 44, 8, 26, 4, 18
2015/3/4, 31, 11, 23, 6, 11
2015/3/5, 39, 20, 34, 3, 4
2015/3/6, 41, 16, 37, 4, 9
2015/3/7, 41, 14, 39, 4, 7
2015/3/8, 40, 19, 37, 10, 1
2015/3/9, 52, 24, 39, 5, 5
2015/3/10, 63, 23, 25, 4, 7
2015/3/11, 69, 31, 18, 6, 8
2015/3/12, 75, 23, 13, 6, 
2015/3/13, 54, 54, 10, 6, 
2015/3/14, 108, 21, 20, 4, 3
2015/3/15, 36, 13, 21, 2, 5
2015/3/16, 51, 17, 25, 4, 1
2015/3/17, 42, 11, 23, 1, 
2015/3/18, 50, 11, 11, 4, 17
2015/3/19, 37, 3, 19, 4, 10
2015/3/20, 18, 8, 11, 3, 5
2015/3/21, 42, 17, 18, 2, 8
2015/3/22, 51, 12, 20, 3, 1
2015/3/23, 38, 9, 19, 1, 
2015/3/24, 25, 11, 19, 5, 1
2015/3/25, 39, 13, 25, 2, 3
2015/3/26, 47, 13, 21, 2, 3
2015/3/27, 52, 10, 12, 8, 
2015/3/28, 25, 11, 18, 3, 
2015/3/29, 58, 10, 18, 7, 3
2015/3/30, 24, 13, 24, 4, 
2015/3/31, 42, 16, 31, 5, 
2014/10/5, 30, 9, 22, 2, 
2014/10/6, 21, 14, 19, 5, 3
2014/10/8, 20, 19, 13, 4, 4
2014/10/10, 15, 6, 19, 7, 
2014/10/11, 27, 5, 17, 3, 1
2014/10/12, 24, 4, 23, 1, 1
2014/10/13, 36, 19, 22, 5, 
2014/10/14, 27, 12, 20, 4, 
2014/10/15, 23, , 16, 2, 1
2014/10/16, 14, , 10, 2, 5
2014/10/17, 22, 14, 9, 3, 
2014/10/18, 30, 12, , 4, 
2014/10/19, 51, 33, 21, 6, 3
2014/10/20, 84, 46, 19, 11, 
2014/10/21, 119, 57, 19, 14, 
2014/10/22, 84, 40, 17, 7, 2
2014/10/23, 61, 26, , 7, 2
2014/10/24, 46, 17, , 10, 
2014/10/25, 71, 28, 23, 5, 2
2014/10/27, 71, 28, 27, 3, 
2014/10/29, 67, 31, 12, 4, 8
2014/10/30, 61, 35, 15, 5, 
2014/10/31, 57, 27, 20, 4, 
2014/11/1, 52, 22, 22, 6, 
2014/11/2, 55, 24, 20, 4, 
2014/11/4, 27, 10, 22, 3, 
2014/11/5, 10, 11, 19, 4, 
2014/11/6, 28, 13, 17, 4, 1
2014/11/7, 38, 13, 19, 4, 
2014/11/8, 26, 13, 18, 3, 6
2014/11/9, 23, 17, 23, 3, 
2014/11/10, 17, 10, 21, 3, 
2014/11/11, 25, 12, 20, 4, 
2014/11/12, 23, 18, 22, 1, 
2014/11/13, 44, 20, 21, 3, 3
2014/11/14, 34, 21, 19, 1, 12
2014/11/15, 21, 15, , 2, 
2014/11/17, 23, 10, , 3, 
2014/11/18, 37, 14, 17, 9, 4
2014/11/19, 44, , 19, 6, 
2014/11/20, 46, 21, 23, 3, 1
2014/11/21, 66, 29, 22, 6, 
2014/11/22, 67, 35, 25, 6, 
2014/11/23, 78, 48, , 5, 
2014/11/24, 99, 50, , 5, 3
2014/11/25, 19, 10, 26, 5, 1
2014/11/27, 38, 17, 30, 5, 5
2014/12/3, 19, , 23, 7, 
2014/12/4, 39, 18, 21, 8, 
2014/12/5, 48, 20, 24, 7, 
2014/12/6, 44, 17, 21, 9, 
2014/12/7, 40, 19, 26, 5, 
2014/12/8, 35, 11, 15, 4, 
2014/12/9, 20, 4, 27, 5, 
2014/12/10, 39, 12, 23, 7, 
2014/12/11, 32, 10, 23, 10, 
2014/12/12, 73, 17, 22, 14, 
2014/12/13, 58, 18, 19, 10, 
2014/12/14, 34, 18, 33, 1, 
2014/12/15, 23, 10, 28, 3, 1
2014/12/16, 24, 11, 21, 6, 1
2014/12/17, 32, 6, 26, 5, 4
2014/12/18, 25, 10, 23, 6, 2
2014/12/19, 46, 17, 22, 9, 9
2014/12/20, 53, 16, 21, 6, 5
2014/12/21, 48, 13, 22, 8, 2
2014/12/22, 55, 20, 22, 7, 4
2014/12/23, 58, 20, 20, 3, 4
2014/12/24, 53, 18, 22, 6, 1
2014/12/26, 61, 22, 26, 3, 
2014/12/27, 53, 13, 25, 6, 1
2014/12/28, 54, 15, 22, 6, 
2014/12/29, 81, 27, 25, 3, 1
2014/7/1, 30, 13, 24, 3, 3
2014/7/3, 51, 19, 40, 2, 
2014/7/4, 55, 20, 35, 4, 
2014/7/5, 42, 5, 12, 1, 
2014/7/6, 22, , 24, 1, 
2014/7/8, 38, 16, 40, 2, 
2014/7/9, 31, 28, 36, 2, 
2014/7/10, 57, 24, 47, 3, 
2014/7/11, 62, , 36, 2, 1
2014/7/13, 56, 17, 33, 5, 
2014/7/14, 55, 19, 49, 3, 1
2014/7/15, 55, 28, 40, 2, 
2014/7/16, 68, 26, 38, 4, 
2014/7/17, 60, 20, 20, 3, 
2014/7/24, 51, 20, 40, 2, 
2014/7/25, 54, 34, 42, 2, 1
2014/7/26, 72, 31, 44, 1, 
2014/7/27, 68, 18, 38, 3, 
2014/7/28, 49, 22, 37, 2, 
2014/7/29, 58, 25, 33, 1, 
2014/7/30, 53, 21, 33, 2, 
2014/7/31, 56, 18, 30, 3, 
2014/8/1, 48, 8, 20, 2, 
2014/8/2, 19, 9, 23, 2, 
2014/8/3, 19, , 29, 1, 
2014/8/5, 34, 10, 28, 3, 
2014/8/6, 23, 10, 18, 1, 
2014/8/7, 34, 9, 25, 3, 
2014/8/10, 5, 9, 28, 3, 
2014/8/11, 25, 14, 29, 3, 
2014/8/12, 27, 11, 35, 3, 
2014/8/13, 32, 16, 38, 2, 
2014/8/14, 37, 17, 43, 2, 
2014/8/15, 52, 12, 39, 3, 
2014/8/16, 37, 27, 30, 3, 
2014/8/17, 57, , 26, 5, 
2014/8/19, 656, 17, 37, 2, 1
2014/8/20, 53, 14, 27, 4, 
2014/8/21, 30, 10, 29, 3, 
2014/8/22, 19, 10, 30, 4, 
2014/8/23, 32, 15, 40, 3, 1
2014/8/24, 43, , 32, 4, 1
2014/8/26, 53, 14, 27, 4, 
2014/8/27, 34, 13, 28, 2, 
2014/8/28, 34, 10, 36, 2, 
2014/8/29, 26, 14, 33, 2, 
2014/4/1, 57, 9, 42, 3, 
2014/4/2, 25, 10, 37, 3, 
2014/4/3, 31, 26, 45, 5, 
2014/4/4, 35, 16, 35, 1, 
2014/4/5, 22, , 18, 4, 
2014/4/7, 31, 18, 42, 7, 
2014/4/8, 51, 14, 38, 4, 
2014/4/9, 30, 25, 47, 3, 
2014/4/10, 62, 30, 42, 3, 
2014/4/11, 67, , 31, 3, 8
2014/4/14, 46, 38, 36, 2, 
2014/4/15, 82, 26, 34, 4, 
2014/4/16, 65, 25, 39, 3, 1
2014/4/17, 70, 26, 38, 2, 5
2014/4/18, 63, 42, 32, 1, 1
2014/4/19, 45, 8, 34, 1, 1
2014/4/20, 19, 15, 33, 3, 1
2014/4/21, 17, 9, 34, 3, 1
2014/4/22, 33, 7, 33, 2, 4
2014/4/23, 17, 10, 40, 3, 1
2014/4/24, 21, 10, 38, 2, 
2014/4/25, 25, , 34, 2, 
2014/4/26, 17, 7, 35, 1, 
2014/4/27, 23, 11, 29, 3, 2
2014/4/28, 18, 9, 34, 3, 
2014/4/29, 24, 13, 33, 3, 3
2014/4/30, 37, 9, 30, 2, 1
2014/5/1, 28, 12, 34, 3, 1
2014/5/2, 30, 15, 40, 3, 2
2014/5/3, 44, 10, 43, 1, 
2014/5/4, 28, 12, 46, 4, 3
2014/5/5, 39, 20, 52, 4, 
2014/5/6, 49, 15, 40, 3, 
2014/5/7, 37, 13, 39, 2, 2
2014/5/8, 46, , 24, 3, 1
2014/5/10, 46, 12, 38, 1, 
2014/5/11, 35, 13, 43, 3, 
2014/5/12, 35, 18, 30, 1, 1
2014/5/13, 46, 31, 44, 3, 
2014/5/14, 60, 29, 45, 2, 1
2014/5/15, 53, 25, 43, 2, 
2014/5/16, 50, 20, 55, 1, 
2014/5/17, 48, 21, 52, 2, 
2014/5/18, 50, 19, 48, 1, 4
2014/5/19, 51, 10, 41, 2, 1
2014/5/20, 35, 15, 45, 1, 1
2014/5/21, 28, 11, 34, 2, 1
2014/5/22, 21, , 30, 4, 1
2014/5/24, 19, 10, 41, , 2
2014/5/25, 26, 10, 43, 1, 1
2014/5/26, 18, 10, 36, 2, 1
2014/5/27, 25, 8, 31, 2, 
2014/5/28, 18, , 27, 2, 1
2014/5/30, 22, , 33, 1, 
2014/6/1, 41, 17, 43, 2, 3
2014/6/2, 42, 25, 32, 4, 
2014/6/3, 32, 10, 35, 2, 1
2014/6/4, 26, 12, 38, 2, 1
2014/6/5, 40, 8, 26, 1, 1
2014/6/6, 15, 7, 34, 1, 1
2014/6/7, 18, 13, 35, 1, 
2014/6/8, 23, 9, 33, 1, 
2014/6/9, 29, 10, 33, 2, 3
2014/6/10, 20, 15, 42, 2, 5
2014/6/11, 43, 23, 49, 6, 
2014/6/12, 61, , 25, 12, 
2014/6/14, 70, 26, 55, 3, 
2014/6/15, 58, , 39, 1, 2
2014/6/17, 68, 31, 37, 1, 
2014/6/18, 67, , 25, 3, 
2014/6/22, 31, 13, 29, 1, 1
2014/6/23, 39, 9, 34, 2, 3
2014/6/24, 34, 25, 35, 3, 
2014/6/25, 66, 14, 30, 2, 
2014/6/26, 37, 10, 29, 2, 3
2014/6/27, 47, 10, 21, 2, 1
2014/6/28, 29, 9, 30, 1, 3
2014/6/29, 32, 12, 31, 2, 
2014/6/30, 27, 10, 19, 2, 
2014/2/1, 31, 7, 31, 3, 
2014/2/2, 16, 14, 30, 4, 
2014/2/3, 36, 16, 34, 5, 
2014/2/4, 33, 19, 35, 2, 
2014/2/5, 49, 27, 32, 1, 
2014/2/6, 46, 17, 32, 1, 
2014/2/7, 17, 21, 31, 4, 
2014/2/8, 34, 18, 34, 1, 
2014/2/9, 25, 68, 29, 1, 
2014/2/10, 56, 23, 31, 5, 
2014/2/11, 54, 22, 34, 2, 
2014/2/12, 51, 14, 23, 2, 
2014/2/13, 37, 15, 22, 2, 
2014/2/14, 48, 18, 22, 2, 
2014/2/15, 32, 12, 29, 4, 
2014/2/16, 26, 11, 30, 2, 
2014/2/17, 40, 10, 36, 6, 
2014/2/18, 41, 14, 30, 4, 
2014/2/19, 37, 14, 32, 4, 1
2014/2/20, 43, 11, 28, 3, 
2014/2/21, 34, 9, 31, 5, 1
2014/2/22, 34, 15, 34, 3, 
2014/2/23, 46, 11, 39, 2, 3
2014/2/24, 33, 12, 31, 3, 6
2014/2/25, 35, 19, 31, 6, 
2014/2/26, 54, 28, 31, 5, 
2014/2/27, 74, 28, 31, 4, 1
2014/2/28, 66, 10, 33, 3, 1
2014/3/1, 34, 10, 29, 1, 1
2014/3/2, 26, 9, 24, 1, 1
2014/3/3, 24, 15, 37, 3, 3
2014/3/4, 30, 26, 31, 3, 
2014/3/5, 60, 9, 25, 3, 3
2014/3/6, 39, 16, 27, 4, 7
2014/3/7, 42, 19, , 4, 
2014/3/8, 56, 17, , 2, 2
2014/3/9, 43, 35, , 2, 
2014/3/10, 61, 21, , 4, 1
2014/3/11, 54, , , 2, 3
2014/3/14, 70, 25, , 4, 
2014/3/15, 63, 14, , 3, 1
2014/3/16, 50, 20, 35, 3, 
2014/3/17, 56, 27, 47, 8, 
2014/3/18, 64, 26, 41, 6, 1
2014/3/19, 70, 25, 44, 4, 
2014/3/20, 68, 27, 39, 4, 
2014/3/21, 68, 26, 40, 3, 1
2014/3/22, 63, 10, 27, 2, 
2014/3/23, 21, 11, 36, 2, 3
2014/3/24, 29, 11, 34, 3, 
2014/3/25, 42, 20, 37, 3, 
2014/3/26, 51, 19, 38, 3, 
2014/3/27, 40, 19, 39, 2, 3
2014/3/28, 48, 7, 40, 3, 1
2014/3/29, 31, 9, 42, 3, 
2014/3/30, 27, 16, 33, 2, 1
2014/3/31, 50, 28, 40, 1, 
2023/4/2, , 3, 27, 3, 
2023/1/12, , 4, , 6, 
2023/2/1, , 7, 7, 12, 
2023/2/6, , 7, 15, 4, 
2023/2/15, , 10, 9, 10, 
2023/2/22, , 22, 16, 3, 
2023/2/27, , 3, 20, 3, 
2023/3/15, , 10, 14, 4, 
2023/3/19, , 8, 16, 2, 
2022/12/15, , 8, 9, 3, 
2022/8/21, , 17, 19, 3, 
2022/9/19, , 21, 19, 3, 
2022/4/25, , 7, 29, 3, 
2022/5/22, , 17, 24, 2, 
2022/1/16, , 17, 25, 3, 
2021/4/12, , 14, 30, 1, 
2021/4/13, , 22, 28, 2, 
2021/4/14, , 20, 32, 1, 
2021/4/15, , 10, 30, 1, 
2021/4/16, , 14, 33, 1, 
2021/4/17, , 12, 36, 1, 
2021/4/18, , 10, 33, 2, 
2021/4/19, , 7, 29, 1, 
2021/4/20, , 4, 25, 1, 
2021/5/7, , 11, 21, , 
2021/6/2, , 11, 26, 1, 
2021/6/5, , 16, 23, 4, 
2021/6/11, , 14, 25, 1, 
2021/1/24, , 12, 11, 2, 
2020/12/31, , 9, 12, 4, 
2020/7/9, , 17, 35, 3, 
2020/7/16, , 14, 34, 2, 
2020/7/17, , 20, 26, 1, 
2020/7/18, , 13, 26, 2, 
2020/8/1, , 10, , , 
2020/8/2, , 9, , 1, 
2020/8/3, , 8, , , 
2020/8/4, , 15, , , 
2020/8/5, , 17, , , 
2020/8/6, , 17, , , 
2020/8/8, , 13, , , 
2020/8/9, , 14, , , 
2020/8/10, , 24, , , 
2020/8/11, , 10, , , 
2020/8/12, , 10, , , 
2020/8/13, , 11, 23, 2, 
2020/8/14, , 6, 22, 1, 
2020/4/7, , 17, 37, 2, 
2020/4/8, , 30, 41, 3, 
2020/4/10, , 6, 33, 1, 
2020/4/12, , 9, 36, , 
2020/5/3, , 18, 32, , 
2020/5/4, , 13, 37, , 
2020/5/5, , 9, 31, 1, 
2020/5/27, , 17, 44, 1, 
2020/5/28, , 19, 47, 1, 
2020/5/29, , 11, 47, 1, 
2020/5/30, , 19, 39, 1, 
2020/6/15, , 4, 23, , 
2019/10/31, , 26, 19, 4, 
2019/11/18, , 10, 28, 5, 
2019/11/22, , 42, 29, 2, 
2019/11/23, , 28, 31, 3, 
2019/11/24, , 28, 31, 4, 
2019/11/25, , 275, 23, 4, 
2019/12/4, , 9, 15, 3, 
2019/12/5, , 8, 20, 7, 
2019/12/6, , 28, 22, 6, 
2019/12/7, , 13, 24, 7, 
2019/12/8, , 18, 28, 7, 
2019/12/9, , 40, 10, 3, 
2019/12/10, , 30, 9, 9, 
2019/12/11, , 10, 27, 7, 
2019/12/12, , 13, 28, 4, 
2019/12/13, , 75, 28, 3, 
2019/12/14, , 27, 29, 5, 
2019/12/15, , 11, 29, 3, 
2019/12/16, , 25, 31, , 
2019/12/17, , 7, 29, 7, 
2019/12/18, , 30, 28, 4, 
2019/8/14, , 15, 26, 4, 
2019/8/15, , 12, 24, 4, 
2019/8/16, , 13, 22, 6, 
2019/8/17, , 10, 20, 3, 
2019/8/18, , 10, 30, 3, 
2019/8/19, , 14, 31, 4, 
2019/8/20, , 19, 37, 7, 
2019/8/21, , 22, 33, 6, 
2019/8/22, , 20, 38, 4, 
2019/8/23, , 19, 37, 4, 
2019/8/24, , 15, 32, 2, 
2019/8/25, , 17, 30, 3, 
2019/8/26, , 20, 33, 4, 
2019/8/27, , 18, 34, 4, 
2019/8/28, , 14, 38, 5, 
2019/8/29, , 19, 41, 4, 
2019/8/30, , 22, 35, 5, 
2019/8/31, , 21, 34, 2, 
2019/9/1, , 16, 36, 5, 
2019/9/2, , 17, 39, 4, 
2019/9/3, , 21, 35, 5, 
2019/9/4, , 21, 37, 5, 
2019/9/5, , 23, 33, 4, 
2019/9/6, , 20, 34, 3, 
2019/9/7, , 22, 32, 2, 
2019/9/8, , 19, 33, 4, 
2019/9/9, , 13, 28, 3, 
2019/9/10, , 16, 30, 3, 
2019/9/11, , 12, 36, 3, 
2019/9/12, , 16, 37, 4, 
2019/9/13, , 17, 31, 4, 
2019/9/14, , 19, 36, 4, 
2019/9/15, , 22, 36, 3, 
2019/9/16, , 24, 32, 4, 
2019/9/17, , 18, 32, 3, 
2019/9/18, , 15, 28, 4, 
2019/9/19, , 19, 22, 4, 
2019/9/20, , 14, 14, 2, 
2019/9/21, , 14, 20, 2, 
2019/9/22, , 11, 18, 4, 
2019/9/25, , 15, 12, 3, 
2019/9/29, , 15, 28, 7, 
2019/4/1, , 16, 50, 3, 
2019/4/2, , 20, 47, 4, 
2019/4/3, , 18, 41, 3, 
2019/4/4, , 12, 45, 2, 
2019/4/5, , 12, 40, 2, 
2019/4/6, , 16, 40, 2, 
2019/4/7, , 16, 40, 1, 
2019/4/8, , 14, 46, 2, 
2019/4/9, , 13, 41, 3, 
2019/4/10, , 14, 39, 4, 
2019/4/11, , 12, 41, 3, 
2019/4/12, , 11, 45, 4, 
2019/4/13, , 10, 46, 4, 
2019/4/14, , 8, 31, 5, 
2019/4/15, , 9, 46, 4, 
2019/4/16, , 10, 46, 2, 
2019/4/17, , 9, 55, 2, 
2019/4/18, , 10, 40, 3, 
2019/4/19, , 11, 37, 3, 
2019/4/20, , 7, 39, 3, 
2019/4/21, , 7, 42, 1, 
2019/4/22, , 14, 62, 3, 
2019/4/23, , 19, 43, 1, 
2019/4/24, , 12, 39, , 
2019/4/25, , 17, 41, 1, 
2019/4/26, , 17, 37, 3, 
2019/4/27, , 13, 43, 2, 
2019/4/28, , 10, 46, 2, 
2019/4/29, , 8, 48, 4, 
2019/4/30, , 13, 44, 4, 
2019/5/1, , 17, 31, 5, 
2019/5/2, , 27, 49, 3, 
2019/5/3, , 19, 47, 3, 
2019/5/4, , 25, 46, 2, 
2019/5/5, , 22, 45, 2, 
2019/5/6, , 17, 40, 3, 
2019/5/7, , 11, 28, 3, 
2019/5/8, , 10, 29, 1, 
2019/5/9, , 14, 25, 2, 
2019/5/10, , 11, 22, 3, 
2019/5/11, , 9, 40, 6, 
2019/5/12, , 12, 43, 3, 
2019/5/13, , 17, 49, 3, 
2019/5/14, , 19, 48, 3, 
2019/5/15, , 21, 53, 5, 
2019/5/16, , 19, 45, 3, 
2019/5/17, , 19, 39, 2, 
2019/5/18, , 14, 40, 1, 
2019/5/19, , 10, 34, 1, 
2019/5/20, , 7, 39, 3, 
2019/5/21, , 8, 27, 2, 
2019/5/22, , 9, 37, 3, 
2019/5/23, , 11, 37, 4, 
2019/5/24, , 11, 39, 2, 
2019/5/25, , 16, 47, 2, 
2019/5/26, , 19, 47, 3, 
2019/5/27, , 16, 43, 3, 
2019/5/28, , 17, 44, 3, 
2019/5/29, , 18, 43, 2, 
2019/5/30, , 20, 44, 2, 
2019/5/31, , 19, 44, 2, 
2019/6/1, , 15, 50, 2, 
2019/6/2, , 13, 52, 1, 
2019/6/3, , 11, 46, 5, 
2019/6/4, , 11, 33, 2, 
2019/6/5, , 12, 37, 2, 
2019/6/6, , 13, 38, 2, 
2019/6/7, , 11, 41, 2, 
2019/6/8, , 10, 43, 2, 
2019/6/9, , 9, 38, 1, 
2019/6/10, , 9, 40, 1, 
2019/6/11, , 8, 40, 2, 
2019/1/1, , 13, 30, 5, 
2019/3/19, , 12, 40, 6, 
2019/3/20, , 13, 43, 4, 
2019/3/21, , 15, 45, 4, 
2019/3/22, , 19, 53, 4, 
2019/3/23, , 21, 47, 2, 
2019/3/24, , 20, 43, 2, 
2019/3/25, , 18, 45, 4, 
2019/3/26, , 23, 46, 3, 
2019/3/27, , 33, 50, 2, 
2019/3/28, , 27, 51, 3, 
2019/3/29, , 20, 52, 3, 
2019/3/30, , 22, 49, 2, 
2019/3/31, , 20, 43, 2, 
2018/10/1, , 22, 45, 4, 
2018/10/2, , 28, 44, 5, 
2018/10/3, , 22, 41, 8, 
2018/10/4, , 17, 43, 3, 
2018/10/5, , 18, 42, 2, 
2018/10/6, , 16, 40, 5, 
2018/10/7, , 16, 40, 5, 
2018/10/8, , 13, 47, 6, 
2018/10/9, , 16, 47, 4, 
2018/10/10, , 16, 37, 4, 
2018/10/11, , 14, 30, 1, 
2018/10/12, , 12, 32, 5, 
2018/10/13, , 11, 37, 3, 
2018/10/14, , 16, 36, 2, 
2018/10/15, , 25, 31, 5, 
2018/10/16, , 13, 29, 5, 
2018/10/17, , 9, 36, 4, 
2018/10/18, , 8, 28, 5, 
2018/10/19, , 6, 37, 6, 
2018/10/20, , 7, 32, 4, 
2018/10/21, , 7, 37, 5, 
2018/10/22, , 11, 33, 6, 
2018/10/23, , 26, 26, 7, 
2018/10/24, , 27, 36, 6, 
2018/11/9, , 14, 36, 5, 
2018/11/10, , 15, 38, 7, 
2018/11/11, , 15, 36, 6, 
2018/11/12, , 13, 36, 4, 
2018/11/13, , 7, 29, 10, 
2018/11/14, , 9, 28, 7, 
2018/11/15, , 13, 32, 4, 
2018/11/16, , 32, 34, 4, 
2018/11/17, , 30, 32, 5, 
2018/11/18, , 32, 33, 2, 
2018/11/19, , 28, 38, 2, 
2018/11/20, , 14, 34, 4, 
2018/11/21, , 13, 35, 2, 
2018/11/22, , 15, 35, 7, 
2018/11/23, , 15, 31, 7, 
2018/11/24, , 9, 33, 7, 
2018/11/25, , 9, 35, 5, 
2018/11/26, , 14, 36, 1, 
2018/8/5, , 25, 49, 7, 
2018/8/6, , 29, 40, 4, 
2018/8/7, , 16, 38, 3, 
2018/8/8, , 13, 36, 3, 
2018/8/9, , 10, 46, 5, 
2018/8/10, , 18, 33, 3, 
2018/8/13, , 11, 31, 4, 
2018/8/19, , 22, 47, 4, 
2018/8/20, , 17, 56, 5, 
2018/8/21, , 17, 50, 6, 
2018/8/22, , 17, 51, 7, 
2018/8/23, , 20, 46, 6, 
2018/8/24, , 20, 56, 5, 
2018/8/25, , 24, 52, 5, 
2018/8/26, , 30, 49, 6, 
2018/8/27, , 32, 38, 2, 
2018/8/28, , 16, 37, 3, 
2018/8/29, , 14, 41, 4, 
2018/8/30, , 21, 44, 7, 
2018/8/31, , 24, 42, 4, 
2018/9/1, , 35, 41, 3, 
2018/9/2, , 32, 37, 1, 
2018/9/3, , 18, 32, 2, 
2018/9/4, , 22, 40, 2, 
2018/9/5, , 21, 41, 3, 
2018/9/6, , 20, 45, 2, 
2018/9/7, , 17, 44, 3, 
2018/9/8, , 18, 41, 3, 
2018/9/9, , 16, 49, 6, 
2018/9/10, , 19, 43, 3, 
2018/9/11, , 26, 43, 3, 
2018/9/12, , 42, 40, 3, 
2018/9/13, , 27, 41, 3, 
2018/9/14, , 26, 41, 4, 
2018/9/15, , 22, 39, 3, 
2018/9/16, , 19, 40, 4, 
2018/9/17, , 26, 37, 5, 
2018/9/18, , 18, 42, 6, 
2018/9/19, , 27, 39, 5, 
2018/9/20, , 26, 39, 8, 
2018/9/21, , 19, 44, 4, 
2018/9/22, , 22, 45, 10, 
2018/9/23, , 12, 48, 11, 
2018/9/24, , 18, 43, 7, 
2018/9/25, , 26, 37, 2, 
2018/9/26, , 24, 42, 4, 
2018/9/27, , 21, 42, 5, 
2018/9/28, , 22, 41, 2, 
2018/9/29, , 20, 41, 3, 
2018/9/30, , 23, 50, 5, 
2018/4/1, , 14, 44, 2, 
2018/4/2, , 27, 37, 2, 
2018/4/3, , 22, 37, 1, 
2018/5/2, , 9, 42, 2, 
2018/5/3, , 14, 40, 2, 
2018/1/1, , 19, 32, 6, 
2018/1/19, , 17, 29, 10, 
2018/3/26, , 15, 42, 6, 
2018/3/27, , 14, 30, 5, 
2018/3/28, , 11, 43, 2, 
2018/3/29, , 14, 45, 1, 
2018/3/30, , 28, 43, 3, 
2018/3/31, , 14, 44, 2, 
2017/10/8, , 24, , 7, 
2017/12/5, , 10, 28, , 
2017/12/16, , 8, , , 
2017/12/17, , 8, , , 
2017/12/18, , 7, , , 
2017/12/19, , 9, 22, 14, 
2017/12/21, , 12, 25, 13, 
2017/12/22, , 17, 33, 11, 
2017/12/26, , 10, 34, 3, 
2017/9/9, , 16, 29, 6, 
2017/5/6, , 11, 29, , 
2017/5/7, , 13, 34, , 
2017/5/8, , 16, 25, , 
2017/5/9, , 10, 25, , 
2017/5/10, , 13, 28, , 
2017/5/11, , 18, 25, , 
2016/7/1, , 14, 31, 6, 4
2016/7/2, , 23, 34, 4, 
2016/7/3, , 23, 34, 3, 
2016/7/4, , 48, 32, 2, 1
2016/7/5, , 34, 26, 1, 2
2016/7/6, , 24, 24, 2, 3
2016/7/7, , 15, 32, 1, 2
2016/7/8, , 25, 42, 6, 8
2016/7/9, , 21, 36, 7, 4
2016/7/10, , 31, 36, 6, 7
2016/7/11, , 11, 28, 5, 3
2016/7/12, , 16, 32, 5, 2
2016/7/13, , 15, 38, 6, 8
2016/7/14, , 26, 31, 4, 3
2016/7/15, , 24, 33, 6, 
2016/7/16, , 24, 35, 3, 
2016/7/17, , 22, 36, 3, 1
2016/7/18, , 24, 35, 3, 2
2016/7/19, , 28, 36, 4, 14
2016/7/20, , 40, 32, 5, 
2016/7/21, , 19, 29, 8, 1
2016/7/22, , 14, 26, 4, 14
2016/7/23, , 15, 34, 5, 3
2016/7/24, , 26, 38, 4, 1
2016/7/25, , 19, 39, 7, 1
2016/7/26, , 23, 36, 9, 2
2016/7/27, , 21, 32, 8, 1
2016/7/28, , 34, 30, 5, 1
2016/7/29, , 29, 31, 5, 4
2016/7/30, , 19, 28, 2, 5
2016/7/31, , 19, 28, 5, 7
2016/8/1, , 13, 26, 7, 5
2016/8/2, , 22, 32, 6, 
2016/8/3, , 30, 32, 6, 4
2016/8/4, , 19, 22, 6, 5
2016/8/5, , 11, 31, 6, 3
2016/8/6, , 30, 29, 6, 2
2016/8/7, , 32, 32, 4, 6
2016/8/8, , 24, 37, 4, 
2016/8/9, , 19, 38, 7, 
2016/8/10, , 29, 35, 6, 1
2016/8/11, , 24, 34, 4, 5
2016/8/12, , 22, 30, 3, 2
2016/8/13, , 24, , , 14
2016/8/14, , 20, , , 
2016/8/15, , 33, , , 
2016/8/16, , 36, 34, 7, 2
2016/8/17, , 20, 20, 5, 11
2016/8/18, , 12, 26, 8, 11
2016/8/19, , 10, 15, , 8
2016/8/20, , 11, 29, , 7
2016/8/21, , 19, 30, , 6
2016/8/22, , 25, 31, , 4
2016/8/23, , 25, 37, , 4
2016/8/24, , 21, 34, , 3
2016/8/25, , 22, 36, , 3
2016/8/26, , 22, 38, , 9
2016/8/27, , 41, 31, , 12
2016/8/28, , 32, 31, , 9
2016/8/29, , 15, 31, , 9
2016/8/30, , 20, 29, , 5
2016/8/31, , 21, 31, , 6
2016/9/1, , 26, 32, , 10
2016/9/2, , 23, 32, , 13
2016/5/15, , 13, 36, 5, 
2016/5/16, , 13, 38, 5, 
2016/5/18, , 14, 31, 7, 1
2016/5/19, , 12, 40, 8, 
2016/5/20, , 22, 37, 6, 
2016/5/21, , 12, 27, 3, 
2016/5/22, , 13, 34, 6, 
2016/5/23, , 14, 29, 5, 1
2016/5/24, , 26, 30, 3, 
2016/5/25, , 16, 32, 2, 
2016/5/26, , 19, 28, 4, 
2016/5/27, , 21, 31, 1, 
2016/5/28, , 20, 31, 3, 
2016/5/29, , 22, 31, 4, 
2016/5/30, , 13, 30, 5, 
2016/5/31, , 13, 42, 8, 2
2016/6/1, , 17, 41, 5, 
2016/6/2, , 16, 35, 4, 
2016/6/4, , 10, 22, 3, 
2016/6/5, , 9, 24, 4, 
2016/6/6, , 10, 36, 5, 1
2016/6/7, , 22, 36, 10, 
2016/6/8, , 22, 28, 8, 
2016/6/9, , 13, 28, 4, 
2016/6/10, , 11, 30, 4, 1
2016/6/11, , 11, 27, 3, 1
2016/6/12, , 11, 17, 4, 
2016/6/13, , 12, 22, 3, 1
2016/6/14, , 10, 24, 3, 2
2016/6/15, , 16, 22, 3, 
2016/6/16, , 11, 27, 4, 
2016/6/17, , 15, 31, 3, 
2016/6/18, , 14, 41, 4, 2
2016/6/19, , 14, 43, 6, 3
2016/6/20, , 18, 39, 5, 
2016/6/21, , 25, 37, 5, 1
2016/6/22, , 41, 29, 5, 
2016/6/23, , 24, 27, 10, 1
2016/6/24, , 16, 28, 5, 
2016/6/25, , 21, 29, 4, 
2016/6/26, , 33, 31, 4, 2
2016/6/27, , 28, 37, 5, 11
2016/6/28, , 38, 30, 6, 11
2016/6/29, , 16, 29, 6, 1
2016/6/30, , 15, 24, 5, 10
2016/2/5, , 19, 23, 6, 
2016/2/6, , 29, 31, , 
2016/2/7, , 15, 29, , 
2016/2/8, , 22, 29, , 
2016/2/9, , 17, 27, 2, 
2016/2/10, , 16, 27, 1, 
2016/2/11, , 10, 23, 3, 
2016/2/12, , 12, 26, 1, 
2016/2/13, , 21, 21, 1, 30
2016/2/14, , 21, 30, 2, 38
2016/2/15, , 18, 28, 2, 30
2016/2/16, , 17, 26, 6, 46
2016/2/17, , 19, 33, 4, 
2016/2/18, , 8, 27, 5, 6
2015/10/14, , 20, 25, 4, 
2015/10/15, , 17, 26, 6, 
2015/10/16, , 35, 29, 2, 
2015/10/17, , 37, 28, 4, 
2015/10/18, , 13, 30, 2, 
2015/10/19, , 27, 28, 2, 1
2015/10/20, , 25, 29, 5, 
2015/10/21, , 15, 29, 8, 2
2015/10/22, , 18, 22, 14, 
2015/10/23, , 26, 26, 11, 
2015/10/24, , 26, 30, 4, 
2015/10/26, , 20, 29, 1, 
2015/10/27, , 13, 31, 4, 
2015/10/28, , 11, 31, 4, 
2015/10/29, , 18, 29, 6, 
2016/1/2, , 17, 27, 3, 
2015/7/17, , 15, 16, 3, 
2015/7/27, , 20, 38, 5, 
2015/4/5, , 28, 21, 4, 
2015/1/1, , 20, 28, 10, 1
2015/1/18, , 8, 22, 3, 1
2014/10/1, , 25, 24, 4, 
2014/10/2, , 36, 23, 4, 
2014/10/3, , 21, 27, 5, 
2014/10/4, , 9, 25, 2, 
2014/10/9, , 10, 11, 1, 1
2014/7/2, , 19, 34, 2, 2
2014/7/7, , 15, 36, 2, 1
2014/7/12, , 20, 37, 1, 
2014/7/23, , 18, 33, 3, 
2014/8/4, , 12, 35, 3, 1
2014/8/8, , 9, 20, 2, 
2014/8/9, , 11, 22, 2, 
2014/8/18, , 16, 34, 2, 3
2014/8/25, , 12, 28, 3, 
2014/8/30, , 21, 38, 2, 
2014/8/31, , 20, 39, 4, 
2014/9/1, , 23, 29, 2, 
2014/9/2, , 17, 25, 2, 
2014/9/5, , 14, 12, 1, 1
2014/9/29, , 15, 24, 7, 
2014/9/30, , 20, 15, 6, 
2014/4/6, , 10, 37, 5, 1
2014/4/13, , 117, 42, 4, 
2014/5/9, , 19, 42, 3, 1
2014/5/23, , 10, 43, 1, 
2014/5/29, , 9, 35, 2, 3
2014/5/31, , 14, 35, 1, 
2014/6/13, , 32, 49, 4, 
2014/6/16, , 33, 57, 2, 1
2014/6/21, , 17, 27, 1, 
2014/1/31, , 11, 24, 4, 
2014/3/13, , 23, , 4, 
2020/9/7, , , 25, 4, 
2020/1/1, , , 27, 4, 
2020/2/16, , , 29, 4, 
2020/2/17, , , 24, 4, 
2020/2/18, , , 27, 5, 
2019/11/17, , , 29, 2, 
2019/12/19, , , 31, , 
2019/9/28, , , 28, 6, 
2018/8/12, , , 35, 5, 
2018/8/18, , , 45, 3, 
2018/4/11, , , 36, 3, 
2018/4/12, , , 38, 1, 
2018/6/23, , , 37, 2, 
2017/12/20, , , 29, 10, 
2016/5/7, , , 34, , 
2015/7/16, , , 21, 3, 
2014/10/7, , , 5, 11, 1
2014/10/28, , , 17, 5, 1
2014/11/26, , , 11, 2, 4
2014/11/29, , , 23, 5, 
2014/11/30, , , 21, 1, 
2014/12/2, , , 18, 7, 
2014/12/25, , , 21, 4, 2
2014/7/22, , , 30, 7, 2
2014/9/3, , , 11, 6, 
2014/9/4, , , 14, 2, 
2014/9/28, , , 19, 7, 56
2014/4/12, , , 24, 1, 
2014/6/19, , , 16, 5, 
2014/6/20, , , 28, 1, 
2014/11/16, , , , 5, 1
2014/3/12, , , , 3, 3